Année;Nom;Commune;Type;Nombre d'entrées;localisation
2020;ABBAYE DE MELLERAY;LA MEILLERAYE-DE-BRETAGNE;Edifices et patrimoine religieux;1351.0;47.5331514, -1.3389215
2020;CHÂTEAU MÉDIÉVAL D’OUDON;OUDON;Châteaux et architecture civile remarquable;6301.0;47.3460115, -1.2899668
2020;CLOCHER DE SAINT-LYPHARD;SAINT-LYPHARD;Edifices et patrimoine religieux;1254.0;47.3982, -2.3051
2020;DÉFI NATURE;FROSSAY;Parcs à thème;7125.0;47.23611, -1.95229
2020;MUSEE DU VIGNOBLE NANTAIS;LE PALLET;Musées et Muséums;2928.0;47.1343552, -1.329591
2020;MUSÉE NAVAL MAILLÉ BRÉZÉ;NANTES;Sites à caractère militaire et lieux de mémoire;;47.2068581, -1.5717315
2020;OBSERVATOIRE ORNITHOLOGIQUE  DU LAC GRAND-LIEU;BOUAYE;Musées et Muséums;1734.0;47.2141, -1.4056
2019;ARC-EN-CIEL;COUERON;Sites industriels, agricoles, artisanaux et visites techniques;;47.2096813, -1.7010678
2019;DOMAINE DE LA GARENNE LEMOT GRAND PATRIMOINE DE LOIRE-ATLANTIQUE;GETIGNE;Châteaux et architecture civile remarquable;252681.0;47.0860974, -1.2749491
2019;LA VALLEE DES KORRIGANS ET TEPACAP !;SAVENAY;Parcs à thème;32748.0;47.2327, -0.3351
2019;LES MACHINES DE L'ILE;NANTES;Parcs à thème;738795.0;47.2058839, -1.564654
2019;MUSEE DU VIGNOBLE NANTAIS;LE PALLET;Musées et Muséums;6073.0;47.1343552, -1.329591
2019;SÉMAPHORE DE LA POINTE SAINT-GILDAS;PREFAILLES;Musées et Muséums;12079.0;47.13372, -2.24588
2019;TERRE DE SEL;GUERANDE;Sites industriels, agricoles, artisanaux et visites techniques;73968.0;47.31614, -2.4524
2018;CHATEAU DE CHATEAUBRIANT, GRAND PATRIMOINE DE LOIRE-ATLANTIQUE;CHATEAUBRIANT;Châteaux et architecture civile remarquable;47071.0;47.7184203, -1.3724043
2018;CHÂTEAU DES DUCS DE BRETAGNE - MUSÉE D'HISTOIRE DE NANTES;NANTES;Musées et Muséums;332555.0;47.2161732, -1.5493331
2018;CLOCHER DE SAINT-LUMINE-DE-COUTAIS;SAINT-LUMINE-DE-COUTAIS;Edifices et patrimoine religieux;2399.0;47.0553827, -1.7261296
2018;LES REMPARTS ET LA PORTE SAINT-MICHEL;GUERANDE;Musées et Muséums;37624.0;47.32673, -2.42872
2018;MUSÉE DE L'IMPRIMERIE;NANTES;Musées et Muséums;20321.0;47.211013, -1.56184
2018;MUSEE DU PAYS DE RETZ;VILLENEUVE-EN-RETZ;Musées et Muséums;2264.0;47.0422798, -1.9518928
2018;MUSÉE NAVAL MAILLÉ BRÉZÉ;NANTES;Sites à caractère militaire et lieux de mémoire;25141.0;47.2068581, -1.5717315
2018;PLANÉTARIUM;NANTES;Musées et Muséums;52431.0;47.2021694, -1.577289
2018;VILLAGE DE KERHINET;SAINT-LYPHARD;Musées et Muséums;80987.0;47.36437, -2.34901
2017;CHATEAU DE CHATEAUBRIANT, GRAND PATRIMOINE DE LOIRE-ATLANTIQUE;CHATEAUBRIANT;Châteaux et architecture civile remarquable;70485.0;47.7184203, -1.3724043
2017;ECOMUSEE RURAL DU PAYS NANTAIS : SITE DE LA PÂQUELAIS;VIGNEUX-DE-BRETAGNE;Musées et muséums;5251.0;47.3336602, -1.6964894
2017;LES MACHINES DE L'ILE;NANTES;Parcs à thème;674395.0;47.2058839, -1.564654
2017;MAISON DE LA MARIÉE;SAINT-JOACHIM;Musées et Muséums;244.0;47.3752, -2.21456
2017;MUSEE DU VIGNOBLE NANTAIS;LE PALLET;Musées et Muséums;9425.0;47.1343552, -1.329591
2017;MUSÉE JULES VERNE;NANTES;Musées et Muséums;32724.0;47.2015348, -1.577079
2017;MUSÉE NAVAL MAILLÉ BRÉZÉ;NANTES;Sites à caractère militaire et lieux de mémoire;25536.0;47.2068581, -1.5717315
2017;TERRE DE SEL;GUERANDE;Sites industriels, agricoles, artisanaux et visites techniques;79710.0;47.31614, -2.4524
2016;ABBAYE DE MELLERAY;LA MEILLERAYE-DE-BRETAGNE;Edifices et patrimoine religieux;;47.5331514, -1.3389215
2016;ARC-EN-CIEL;COUERON;Sites industriels, agricoles, artisanaux et visites techniques;6241.0;47.2096813, -1.7010678
2016;CLOCHER DE SAINT-LYPHARD;SAINT-LYPHARD;Edifices et patrimoine religieux;5662.0;47.3982, -2.3051
2016;ECOMUSEE RURAL DU PAYS NANTAIS : SITE DE LA PÂQUELAIS;VIGNEUX-DE-BRETAGNE;Musées et muséums;5020.0;47.3336602, -1.6964894
2016;MUSÉE DE LA MARINE;SAINT-BREVIN-LES-PINS;Musées et Muséums;3376.0;47.26799, -2.16974
2016;MUSÉE DE L'IMPRIMERIE;NANTES;Musées et Muséums;19052.0;47.211013, -1.56184
2016;PLANÉTARIUM;NANTES;Musées et Muséums;39935.0;47.2021694, -1.577289
2016;SAINT-NAZAIRE, LE PORT DE TOUS LES VOYAGES;SAINT-NAZAIRE;Sites industriels, agricoles, artisanaux et visites techniques;284236.0;47.2757524, -2.2034629
2016;TOUR SAINT-GUÉNOLÉ;BATZ-SUR-MER;Edifices et patrimoine religieux;19845.0;47.27726, -2.4803
2015;CHÂTEAU DE CLISSON GRAND PATRIMOINE DE LOIRE-ATLANTIQUE;CLISSON;Châteaux et architecture civile remarquable;48678.0;47.08691, -1.2817909
2015;CHÂTEAU MÉDIÉVAL D’OUDON;OUDON;Châteaux et architecture civile remarquable;15517.0;47.3460115, -1.2899668
2015;LE CHRONOGRAPHE;REZE;Musées et Muséums;;47.1915542, -1.5663021
2015;LEGENDIA PARC;FROSSAY;Parcs animaliers;58259.0;47.21987, -1.97323
2015;MAISON DE LA MARIÉE;SAINT-JOACHIM;Musées et Muséums;1111.0;47.3752, -2.21456
2015;MAISON DU LAC DE GRAND-LIEU;BOUAYE;Musées et Muséums;13542.0;47.1376712, -1.6960219
2014;ARC-EN-CIEL;COUERON;Sites industriels, agricoles, artisanaux et visites techniques;6731.0;47.2096813, -1.7010678
2014;CLOCHER DE SAINT-LYPHARD;SAINT-LYPHARD;Edifices et patrimoine religieux;6300.0;47.3982, -2.3051
2014;FRAC DES PAYS DE LA LOIRE;CARQUEFOU;Musées et muséums;;47.3025061, -1.5039115
2014;LE CHRONOGRAPHE;REZE;Musées et Muséums;;47.1915542, -1.5663021
2014;MUSÉE DES MARAIS SALANTS;BATZ-SUR-MER;Musées et muséums;18683.0;47.27897, -2.47799
2014;MUSÉE DOBRÉE - GRAND PATRIMOINE DE LOIRE-ATLANTIQUE;NANTES;Musées et Muséums;;47.2125756, -1.5664856
2014;MUSÉE DU GRAND BLOCKHAUS;BATZ-SUR-MER;Sites à caractère militaire et lieux de mémoire;34343.0;47.27055, -2.468
2014;MUSEE DU PAYS DE RETZ;VILLENEUVE-EN-RETZ;Musées et Muséums;3501.0;47.0422798, -1.9518928
2014;TOUR SAINT-GUÉNOLÉ;BATZ-SUR-MER;Edifices et patrimoine religieux;19108.0;47.27726, -2.4803
2013;CHÂTEAU DE RANROUËT;HERBIGNAC;Châteaux et architecture civile remarquable;17089.0;47.44494, -2.29934
2013;CHÂTEAU DES DUCS DE BRETAGNE - COUR DU CHÂTEAU;NANTES;Châteaux et architecture civile remarquable;1301825.0;47.2161732, -1.5493331
2013;CLOCHER DE SAINT-LYPHARD;SAINT-LYPHARD;Edifices et patrimoine religieux;5775.0;47.3982, -2.3051
2013;MAISON DES HOMMES ET DES TECHNIQUES;NANTES;Sites industriels, agricoles, artisanaux et visites techniques;14943.0;47.2058086, -1.5657234
2013;MAISON DES PECHEURS DU LAC DE GRAND LIEU;LA CHEVROLIERE;Musées et Muséums;;47.0976913, -1.6375926
2013;MUSÉE DOBRÉE - GRAND PATRIMOINE DE LOIRE-ATLANTIQUE;NANTES;Musées et Muséums;;47.2125756, -1.5664856
2013;MUSEE DU VIGNOBLE NANTAIS;LE PALLET;Musées et Muséums;9038.0;47.1343552, -1.329591
2013;SITE DE L'ABBATIALE - DEAS;SAINT-PHILBERT-DE-GRAND-LIEU;Edifices et patrimoine religieux;11801.0;47.0386979, -1.6408922
2013;VILLAGE DE KERHINET;SAINT-LYPHARD;Musées et Muséums;91279.0;47.36437, -2.34901
2012;CHÂTEAU MÉDIÉVAL D’OUDON;OUDON;Châteaux et architecture civile remarquable;13079.0;47.3460115, -1.2899668
2012;DÉFI NATURE;FROSSAY;Parcs à thème;;47.23611, -1.95229
2012;LE CHRONOGRAPHE;REZE;Musées et Muséums;;47.1915542, -1.5663021
2012;PLANÉTARIUM;NANTES;Musées et Muséums;32923.0;47.2021694, -1.577289
2012;SÉMAPHORE DE LA POINTE SAINT-GILDAS;PREFAILLES;Musées et Muséums;10979.0;47.13372, -2.24588
2011;CLOCHER DE SAINT-LYPHARD;SAINT-LYPHARD;Edifices et patrimoine religieux;6150.0;47.3982, -2.3051
2011;ECOMUSEE RURAL DU PAYS NANTAIS : SITE DE LA PÂQUELAIS;VIGNEUX-DE-BRETAGNE;Musées et muséums;5161.0;47.3336602, -1.6964894
2011;LA CHAUMIÈRE BRIÉRONNE;SAINT-JOACHIM;Musées et muséums;;47.3721049, -2.2139603
2011;LEGENDIA PARC;FROSSAY;Parcs animaliers;60437.0;47.21987, -1.97323
2011;MAISON DES PECHEURS DU LAC DE GRAND LIEU;LA CHEVROLIERE;Musées et Muséums;;47.0976913, -1.6375926
2011;MUSÉE DOBRÉE - GRAND PATRIMOINE DE LOIRE-ATLANTIQUE;NANTES;Musées et Muséums;;47.2125756, -1.5664856
2011;MUSÉE JULES VERNE;NANTES;Musées et Muséums;24710.0;47.2015348, -1.577079
2011;SAINT-NAZAIRE, LE PORT DE TOUS LES VOYAGES;SAINT-NAZAIRE;Sites industriels, agricoles, artisanaux et visites techniques;237445.0;47.2757524, -2.2034629
2010;CHÂTEAU MÉDIÉVAL D’OUDON;OUDON;Châteaux et architecture civile remarquable;13125.0;47.3460115, -1.2899668
2010;MAISON DU PATRIMOINE DE PIRIAC-SUR-MER;PIRIAC-SUR-MER;Musées et Muséums;2762.0;47.36616, -2.52812
2010;MUSÉE AÉRONAUTIQUE DE LA PRESQU'ILE CÔTE D'AMOUR (MAPICA);LA BAULE-ESCOUBLAC;Musées et Muséums;7114.0;47.28674, -2.34785
2010;MUSÉE DE LA MARINE;SAINT-BREVIN-LES-PINS;Musées et Muséums;3083.0;47.26799, -2.16974
2010;SITE DE L'ABBATIALE - DEAS;SAINT-PHILBERT-DE-GRAND-LIEU;Edifices et patrimoine religieux;9028.0;47.0386979, -1.6408922
2010;TERRE DE SEL;GUERANDE;Sites industriels, agricoles, artisanaux et visites techniques;64504.0;47.31614, -2.4524
2009;DOMAINE DE LA GARENNE LEMOT GRAND PATRIMOINE DE LOIRE-ATLANTIQUE;GETIGNE;Châteaux et architecture civile remarquable;21798.0;47.0860974, -1.2749491
2009;FRAC DES PAYS DE LA LOIRE;CARQUEFOU;Musées et muséums;;47.3025061, -1.5039115
2009;LA CHAUMIÈRE BRIÉRONNE;SAINT-JOACHIM;Musées et muséums;;47.3721049, -2.2139603
2009;LA MAISON DE LA PÊCHE;LA TURBALLE;Musées et muséums;11925.0;47.34819, -2.51469
2009;LE MOULIN A PAPIER DU LIVEAU;GORGES;Sites industriels, agricoles, artisanaux et visites techniques;3937.0;47.106483, -1.2984857
2009;MAISON DES PECHEURS DU LAC DE GRAND LIEU;LA CHEVROLIERE;Musées et Muséums;4069.0;47.0976913, -1.6375926
2009;MUSÉE NAVAL MAILLÉ BRÉZÉ;NANTES;Sites à caractère militaire et lieux de mémoire;18614.0;47.2068581, -1.5717315
2009;OCÉARIUM DU CROISIC;LE CROISIC;Parcs animaliers;231337.0;47.30072, -2.52454
2020;CHÂTEAU DES DUCS DE BRETAGNE - COUR DU CHÂTEAU;NANTES;Châteaux et architecture civile remarquable;881006.0;47.2161732, -1.5493331
2020;ECOMUSEE RURAL DU PAYS NANTAIS : SITE DE LA PÂQUELAIS;VIGNEUX-DE-BRETAGNE;Musées et muséums;2990.0;47.3336602, -1.6964894
2020;MAISON DU PATRIMOINE DE PIRIAC-SUR-MER;PIRIAC-SUR-MER;Musées et Muséums;1203.0;47.36616, -2.52812
2020;MUSÉE DE L'IMPRIMERIE;NANTES;Musées et Muséums;7209.0;47.211013, -1.56184
2020;TOUR SAINT-GUÉNOLÉ;BATZ-SUR-MER;Edifices et patrimoine religieux;0.0;47.27726, -2.4803
2019;DÉFI NATURE;FROSSAY;Parcs à thème;7344.0;47.23611, -1.95229
2019;LA CHAUMIÈRE BRIÉRONNE;SAINT-JOACHIM;Musées et muséums;;47.3721049, -2.2139603
2019;LA MAISON DE LA PÊCHE;LA TURBALLE;Musées et muséums;2948.0;47.34819, -2.51469
2019;MAISON DES PECHEURS DU LAC DE GRAND LIEU;LA CHEVROLIERE;Musées et Muséums;9099.0;47.0976913, -1.6375926
2019;MUSÉE DE L'IMPRIMERIE;NANTES;Musées et Muséums;16173.0;47.211013, -1.56184
2019;MUSÉE DU GRAND BLOCKHAUS;BATZ-SUR-MER;Sites à caractère militaire et lieux de mémoire;41036.0;47.27055, -2.468
2019;MUSÉE JULES VERNE;NANTES;Musées et Muséums;39372.0;47.2015348, -1.577079
2019;MUSÉUM D'HISTOIRE NATURELLE;NANTES;Musées et Muséums;105362.0;47.2126646, -1.5648566
2019;PLANÉTARIUM;NANTES;Musées et Muséums;53870.0;47.2021694, -1.577289
2019;SITE DE L'ABBATIALE - DEAS;SAINT-PHILBERT-DE-GRAND-LIEU;Edifices et patrimoine religieux;19072.0;47.0386979, -1.6408922
2019;VILLAGE DE KERHINET;SAINT-LYPHARD;Musées et Muséums;77960.0;47.36437, -2.34901
2018;ACROCIME CARQUEFOU;CARQUEFOU;Parcs à thème;23350.0;47.2963306, -1.4619546
2018;MAISON DES PECHEURS DU LAC DE GRAND LIEU;LA CHEVROLIERE;Musées et Muséums;6870.0;47.0976913, -1.6375926
2018;MUSÉE AÉRONAUTIQUE DE LA PRESQU'ILE CÔTE D'AMOUR (MAPICA);LA BAULE-ESCOUBLAC;Musées et Muséums;8556.0;47.28674, -2.34785
2018;MUSÉE DE LA MARINE;SAINT-BREVIN-LES-PINS;Musées et Muséums;2900.0;47.26799, -2.16974
2018;MUSÉE DOBRÉE - GRAND PATRIMOINE DE LOIRE-ATLANTIQUE;NANTES;Musées et Muséums;22341.0;47.2125756, -1.5664856
2018;MUSEE DU VIGNOBLE NANTAIS;LE PALLET;Musées et Muséums;6077.0;47.1343552, -1.329591
2017;ABBAYE DE MELLERAY;LA MEILLERAYE-DE-BRETAGNE;Edifices et patrimoine religieux;921.0;47.5331514, -1.3389215
2017;DÉFI NATURE;FROSSAY;Parcs à thème;16954.0;47.23611, -1.95229
2017;LA MAISON DE LA PÊCHE;LA TURBALLE;Musées et muséums;3333.0;47.34819, -2.51469
2017;LE CHRONOGRAPHE;REZE;Musées et Muséums;34820.0;47.1915542, -1.5663021
2017;SAINT-NAZAIRE, LE PORT DE TOUS LES VOYAGES;SAINT-NAZAIRE;Sites industriels, agricoles, artisanaux et visites techniques;286669.0;47.2757524, -2.2034629
2016;CHÂTEAU MÉDIÉVAL D’OUDON;OUDON;Châteaux et architecture civile remarquable;14416.0;47.3460115, -1.2899668
2016;LA CHAUMIÈRE BRIÉRONNE;SAINT-JOACHIM;Musées et muséums;;47.3721049, -2.2139603
2016;SÉMAPHORE DE LA POINTE SAINT-GILDAS;PREFAILLES;Musées et Muséums;15697.0;47.13372, -2.24588
2016;ZOO DE LA BOISSIERE DU DORE;LA BOISSIERE-DU-DORE;Parcs animaliers;145563.0;47.2323529, -1.2199962
2015;ABBAYE DE MELLERAY;LA MEILLERAYE-DE-BRETAGNE;Edifices et patrimoine religieux;;47.5331514, -1.3389215
2015;FRAC DES PAYS DE LA LOIRE;CARQUEFOU;Musées et muséums;;47.3025061, -1.5039115
2015;LA CARRIERE DES FUSILLES;CHATEAUBRIANT;Sites à caractère militaire et lieux de mémoire;8834.0;47.7235484, -1.3488088
2015;LA MAISON DES PALUDIERS;GUERANDE;Sites industriels, agricoles, artisanaux et visites techniques;19255.0;47.29488, -2.43093
2015;MAISON DES PECHEURS DU LAC DE GRAND LIEU;LA CHEVROLIERE;Musées et Muséums;;47.0976913, -1.6375926
2015;MUSEE DU VIGNOBLE NANTAIS;LE PALLET;Musées et Muséums;9183.0;47.1343552, -1.329591
2015;MUSÉE JULES VERNE;NANTES;Musées et Muséums;39651.0;47.2015348, -1.577079
2014;DOMAINE DE LA GARENNE LEMOT GRAND PATRIMOINE DE LOIRE-ATLANTIQUE;GETIGNE;Châteaux et architecture civile remarquable;47426.0;47.0860974, -1.2749491
2014;FERME PEDAGOGIQUE DE LA PUILLIERE;PORT-SAINT-PERE;Sites industriels, agricoles, artisanaux et visites techniques;4462.0;47.15699, -1.76409
2014;LA CHAUMIÈRE BRIÉRONNE;SAINT-JOACHIM;Musées et muséums;;47.3721049, -2.2139603
2014;LA MAISON DES PALUDIERS;GUERANDE;Sites industriels, agricoles, artisanaux et visites techniques;19377.0;47.29488, -2.43093
2014;LE MOULIN A PAPIER DU LIVEAU;GORGES;Sites industriels, agricoles, artisanaux et visites techniques;3985.0;47.106483, -1.2984857
2014;MUSÉE DE LA RÉSISTANCE;CHATEAUBRIANT;Sites à caractère militaire et lieux de mémoire;2978.0;47.7249616, -1.3463906
2014;MUSEE DU VIGNOBLE NANTAIS;LE PALLET;Musées et Muséums;6060.0;47.1343552, -1.329591
2014;OBSERVATOIRE ORNITHOLOGIQUE  DU LAC GRAND-LIEU;BOUAYE;Musées et Muséums;;47.2141, -1.4056
2014;OCÉARIUM DU CROISIC;LE CROISIC;Parcs animaliers;231247.0;47.30072, -2.52454
2014;SITE DE L'ABBATIALE - DEAS;SAINT-PHILBERT-DE-GRAND-LIEU;Edifices et patrimoine religieux;12118.0;47.0386979, -1.6408922
2013;CHATEAU DE CHATEAUBRIANT, GRAND PATRIMOINE DE LOIRE-ATLANTIQUE;CHATEAUBRIANT;Châteaux et architecture civile remarquable;77817.0;47.7184203, -1.3724043
2013;FRAC DES PAYS DE LA LOIRE;CARQUEFOU;Musées et muséums;;47.3025061, -1.5039115
2013;LE CHRONOGRAPHE;REZE;Musées et Muséums;;47.1915542, -1.5663021
2013;LES REMPARTS ET LA PORTE SAINT-MICHEL;GUERANDE;Musées et Muséums;28247.0;47.32673, -2.42872
2013;MAISON DE LA MARIÉE;SAINT-JOACHIM;Musées et Muséums;1628.0;47.3752, -2.21456
2013;MUSÉE AÉRONAUTIQUE DE LA PRESQU'ILE CÔTE D'AMOUR (MAPICA);LA BAULE-ESCOUBLAC;Musées et Muséums;6444.0;47.28674, -2.34785
2013;MUSÉE D’ARTS DE NANTES;NANTES;Musées et Muséums;153499.0;47.2192326, -1.547046
2013;OBSERVATOIRE ORNITHOLOGIQUE  DU LAC GRAND-LIEU;BOUAYE;Musées et Muséums;;47.2141, -1.4056
2013;TERRE DE SEL;GUERANDE;Sites industriels, agricoles, artisanaux et visites techniques;74063.0;47.31614, -2.4524
2013;TOUR SAINT-GUÉNOLÉ;BATZ-SUR-MER;Edifices et patrimoine religieux;18390.0;47.27726, -2.4803
2012;CHATEAU DE CHATEAUBRIANT, GRAND PATRIMOINE DE LOIRE-ATLANTIQUE;CHATEAUBRIANT;Châteaux et architecture civile remarquable;78983.0;47.7184203, -1.3724043
2012;DOMAINE DE LA GARENNE LEMOT GRAND PATRIMOINE DE LOIRE-ATLANTIQUE;GETIGNE;Châteaux et architecture civile remarquable;57916.0;47.0860974, -1.2749491
2012;LEGENDIA PARC;FROSSAY;Parcs animaliers;52002.0;47.21987, -1.97323
2012;MAISON DES HOMMES ET DES TECHNIQUES;NANTES;Sites industriels, agricoles, artisanaux et visites techniques;21300.0;47.2058086, -1.5657234
2012;MAISON DU LAC DE GRAND-LIEU;BOUAYE;Musées et Muséums;;47.1376712, -1.6960219
2012;MUSÉE DES MARAIS SALANTS;BATZ-SUR-MER;Musées et muséums;;47.27897, -2.47799
2012;MUSÉE DOBRÉE - GRAND PATRIMOINE DE LOIRE-ATLANTIQUE;NANTES;Musées et Muséums;;47.2125756, -1.5664856
2011;ACROCIME CARQUEFOU;CARQUEFOU;Parcs à thème;;47.2963306, -1.4619546
2011;DÉFI NATURE;FROSSAY;Parcs à thème;;47.23611, -1.95229
2011;LA MAISON DES PALUDIERS;GUERANDE;Sites industriels, agricoles, artisanaux et visites techniques;22665.0;47.29488, -2.43093
2011;MUSÉE D’ARTS DE NANTES;NANTES;Musées et Muséums;116169.0;47.2192326, -1.547046
2011;MUSÉE DE LA MARINE;SAINT-BREVIN-LES-PINS;Musées et Muséums;;47.26799, -2.16974
2011;MUSÉE DE LA RÉSISTANCE;CHATEAUBRIANT;Sites à caractère militaire et lieux de mémoire;3712.0;47.7249616, -1.3463906
2011;MUSÉE DE L'IMPRIMERIE;NANTES;Musées et Muséums;13482.0;47.211013, -1.56184
2011;MUSÉUM D'HISTOIRE NATURELLE;NANTES;Musées et Muséums;99400.0;47.2126646, -1.5648566
2011;PLANÉTARIUM;NANTES;Musées et Muséums;28865.0;47.2021694, -1.577289
2010;ABBAYE DE MELLERAY;LA MEILLERAYE-DE-BRETAGNE;Edifices et patrimoine religieux;21928.0;47.5331514, -1.3389215
2010;ARC-EN-CIEL;COUERON;Sites industriels, agricoles, artisanaux et visites techniques;7913.0;47.2096813, -1.7010678
2010;CHÂTEAU DE RANROUËT;HERBIGNAC;Châteaux et architecture civile remarquable;13164.0;47.44494, -2.29934
2010;FERME PEDAGOGIQUE DE LA PUILLIERE;PORT-SAINT-PERE;Sites industriels, agricoles, artisanaux et visites techniques;3257.0;47.15699, -1.76409
2010;LA MAISON DE LA PÊCHE;LA TURBALLE;Musées et muséums;;47.34819, -2.51469
2010;MUSÉE NAVAL MAILLÉ BRÉZÉ;NANTES;Sites à caractère militaire et lieux de mémoire;13621.0;47.2068581, -1.5717315
2010;ZOO DE LA BOISSIERE DU DORE;LA BOISSIERE-DU-DORE;Parcs animaliers;112443.0;47.2323529, -1.2199962
2009;ACROCIME CARQUEFOU;CARQUEFOU;Parcs à thème;;47.2963306, -1.4619546
2009;CLOCHER DE SAINT-LUMINE-DE-COUTAIS;SAINT-LUMINE-DE-COUTAIS;Edifices et patrimoine religieux;3216.0;47.0553827, -1.7261296
2009;LES MACHINES DE L'ILE;NANTES;Parcs à thème;261540.0;47.2058839, -1.564654
2009;MUSÉE D’ARTS DE NANTES;NANTES;Musées et Muséums;0.0;47.2192326, -1.547046
2009;MUSÉE DE LA RÉSISTANCE;CHATEAUBRIANT;Sites à caractère militaire et lieux de mémoire;3130.0;47.7249616, -1.3463906
2009;MUSÉE DES MARAIS SALANTS;BATZ-SUR-MER;Musées et muséums;12959.0;47.27897, -2.47799
2009;MUSEE DU VIGNOBLE NANTAIS;LE PALLET;Musées et Muséums;6872.0;47.1343552, -1.329591
2009;PLANETE SAUVAGE;PORT-SAINT-PERE;Parcs animaliers;324814.0;47.11925, -1.76516
2020;ACROCIME CARQUEFOU;CARQUEFOU;Parcs à thème;25132.0;47.2963306, -1.4619546
2020;LA CHAUMIÈRE BRIÉRONNE;SAINT-JOACHIM;Musées et muséums;519.0;47.3721049, -2.2139603
2020;LA MAISON DES PALUDIERS;GUERANDE;Sites industriels, agricoles, artisanaux et visites techniques;;47.29488, -2.43093
2020;LE CHRONOGRAPHE;REZE;Musées et Muséums;10461.0;47.1915542, -1.5663021
2020;MUSÉE D’ARTS DE NANTES;NANTES;Musées et Muséums;133577.0;47.2192326, -1.547046
2019;ECOMUSEE RURAL DU PAYS NANTAIS : SITE DE LA PÂQUELAIS;VIGNEUX-DE-BRETAGNE;Musées et muséums;6811.0;47.3336602, -1.6964894
2019;LA CARRIERE DES FUSILLES;CHATEAUBRIANT;Sites à caractère militaire et lieux de mémoire;8252.0;47.7235484, -1.3488088
2019;MAISON DE LA MARIÉE;SAINT-JOACHIM;Musées et Muséums;;47.3752, -2.21456
2019;MUSÉE DE LA RÉSISTANCE;CHATEAUBRIANT;Sites à caractère militaire et lieux de mémoire;4425.0;47.7249616, -1.3463906
2019;SAINT-NAZAIRE, LE PORT DE TOUS LES VOYAGES;SAINT-NAZAIRE;Sites industriels, agricoles, artisanaux et visites techniques;342232.0;47.2757524, -2.2034629
2018;ECOMUSEE RURAL DU PAYS NANTAIS : SITE DE LA PÂQUELAIS;VIGNEUX-DE-BRETAGNE;Musées et muséums;5564.0;47.3336602, -1.6964894
2018;LE CHRONOGRAPHE;REZE;Musées et Muséums;26171.0;47.1915542, -1.5663021
2018;LE MOULIN A PAPIER DU LIVEAU;GORGES;Sites industriels, agricoles, artisanaux et visites techniques;7741.0;47.106483, -1.2984857
2018;LES MACHINES DE L'ILE;NANTES;Parcs à thème;640840.0;47.2058839, -1.564654
2018;MUSÉE JULES VERNE;NANTES;Musées et Muséums;30868.0;47.2015348, -1.577079
2018;RÉSERVE NATURELLE RÉGIONALE MARAIS DE BRIÈRE - SITE PIERRE CONSTANT;SAINT-MALO-DE-GUERSAC;Musées et Muséums;10694.0;47.3607104, -2.19828
2018;SAINT-NAZAIRE, LE PORT DE TOUS LES VOYAGES;SAINT-NAZAIRE;Sites industriels, agricoles, artisanaux et visites techniques;284755.0;47.2757524, -2.2034629
2018;ZOO DE LA BOISSIERE DU DORE;LA BOISSIERE-DU-DORE;Parcs animaliers;115348.0;47.2323529, -1.2199962
2017;ARC-EN-CIEL;COUERON;Sites industriels, agricoles, artisanaux et visites techniques;268.0;47.2096813, -1.7010678
2017;CHÂTEAU DES DUCS DE BRETAGNE - MUSÉE D'HISTOIRE DE NANTES;NANTES;Musées et Muséums;270242.0;47.2161732, -1.5493331
2017;LA MAISON DES PALUDIERS;GUERANDE;Sites industriels, agricoles, artisanaux et visites techniques;18188.0;47.29488, -2.43093
2017;PLANETE SAUVAGE;PORT-SAINT-PERE;Parcs animaliers;266520.0;47.11925, -1.76516
2017;RÉSERVE NATURELLE RÉGIONALE MARAIS DE BRIÈRE - SITE PIERRE CONSTANT;SAINT-MALO-DE-GUERSAC;Musées et Muséums;8143.0;47.3607104, -2.19828
2017;ZOO DE LA BOISSIERE DU DORE;LA BOISSIERE-DU-DORE;Parcs animaliers;151296.0;47.2323529, -1.2199962
2016;FRAC DES PAYS DE LA LOIRE;CARQUEFOU;Musées et muséums;;47.3025061, -1.5039115
2016;LE CHRONOGRAPHE;REZE;Musées et Muséums;;47.1915542, -1.5663021
2016;LES REMPARTS ET LA PORTE SAINT-MICHEL;GUERANDE;Musées et Muséums;31114.0;47.32673, -2.42872
2016;MAISON DES HOMMES ET DES TECHNIQUES;NANTES;Sites industriels, agricoles, artisanaux et visites techniques;23294.0;47.2058086, -1.5657234
2016;MAISON DU PATRIMOINE DE PIRIAC-SUR-MER;PIRIAC-SUR-MER;Musées et Muséums;1725.0;47.36616, -2.52812
2016;MUSÉE DU GRAND BLOCKHAUS;BATZ-SUR-MER;Sites à caractère militaire et lieux de mémoire;34055.0;47.27055, -2.468
2015;CHÂTEAU DES DUCS DE BRETAGNE - COUR DU CHÂTEAU;NANTES;Châteaux et architecture civile remarquable;1324507.0;47.2161732, -1.5493331
2015;CHÂTEAU DES DUCS DE BRETAGNE - MUSÉE D'HISTOIRE DE NANTES;NANTES;Musées et Muséums;238454.0;47.2161732, -1.5493331
2015;MAISON DES HOMMES ET DES TECHNIQUES;NANTES;Sites industriels, agricoles, artisanaux et visites techniques;25550.0;47.2058086, -1.5657234
2015;MAISON DU PATRIMOINE DE PIRIAC-SUR-MER;PIRIAC-SUR-MER;Musées et Muséums;1919.0;47.36616, -2.52812
2015;OBSERVATOIRE ORNITHOLOGIQUE  DU LAC GRAND-LIEU;BOUAYE;Musées et Muséums;;47.2141, -1.4056
2015;ZOO DE LA BOISSIERE DU DORE;LA BOISSIERE-DU-DORE;Parcs animaliers;146484.0;47.2323529, -1.2199962
2014;ACROCIME CARQUEFOU;CARQUEFOU;Parcs à thème;;47.2963306, -1.4619546
2014;CHÂTEAU DES DUCS DE BRETAGNE - COUR DU CHÂTEAU;NANTES;Châteaux et architecture civile remarquable;1448212.0;47.2161732, -1.5493331
2014;LA CARRIERE DES FUSILLES;CHATEAUBRIANT;Sites à caractère militaire et lieux de mémoire;8907.0;47.7235484, -1.3488088
2014;LA MAISON DE LA PÊCHE;LA TURBALLE;Musées et muséums;12954.0;47.34819, -2.51469
2014;LES REMPARTS ET LA PORTE SAINT-MICHEL;GUERANDE;Musées et Muséums;29140.0;47.32673, -2.42872
2014;MUSÉE NAVAL MAILLÉ BRÉZÉ;NANTES;Sites à caractère militaire et lieux de mémoire;22962.0;47.2068581, -1.5717315
2014;SAINT-NAZAIRE, LE PORT DE TOUS LES VOYAGES;SAINT-NAZAIRE;Sites industriels, agricoles, artisanaux et visites techniques;256857.0;47.2757524, -2.2034629
2014;SÉMAPHORE DE LA POINTE SAINT-GILDAS;PREFAILLES;Musées et Muséums;14394.0;47.13372, -2.24588
2013;ARC-EN-CIEL;COUERON;Sites industriels, agricoles, artisanaux et visites techniques;7250.0;47.2096813, -1.7010678
2013;CLOCHER DE SAINT-LUMINE-DE-COUTAIS;SAINT-LUMINE-DE-COUTAIS;Edifices et patrimoine religieux;;47.0553827, -1.7261296
2013;LA CHAUMIÈRE BRIÉRONNE;SAINT-JOACHIM;Musées et muséums;;47.3721049, -2.2139603
2013;MUSÉE NAVAL MAILLÉ BRÉZÉ;NANTES;Sites à caractère militaire et lieux de mémoire;21707.0;47.2068581, -1.5717315
2013;SÉMAPHORE DE LA POINTE SAINT-GILDAS;PREFAILLES;Musées et Muséums;9787.0;47.13372, -2.24588
2012;CHÂTEAU DE RANROUËT;HERBIGNAC;Châteaux et architecture civile remarquable;12336.0;47.44494, -2.29934
2012;MAISON DU PATRIMOINE DE PIRIAC-SUR-MER;PIRIAC-SUR-MER;Musées et Muséums;3057.0;47.36616, -2.52812
2012;OCÉARIUM DU CROISIC;LE CROISIC;Parcs animaliers;262227.0;47.30072, -2.52454
2012;TERRE DE SEL;GUERANDE;Sites industriels, agricoles, artisanaux et visites techniques;71374.0;47.31614, -2.4524
2011;CHÂTEAU DES DUCS DE BRETAGNE - COUR DU CHÂTEAU;NANTES;Châteaux et architecture civile remarquable;1146954.0;47.2161732, -1.5493331
2011;LA CARRIERE DES FUSILLES;CHATEAUBRIANT;Sites à caractère militaire et lieux de mémoire;13714.0;47.7235484, -1.3488088
2011;LA MAISON DE LA PÊCHE;LA TURBALLE;Musées et muséums;15487.0;47.34819, -2.51469
2011;LE MOULIN A PAPIER DU LIVEAU;GORGES;Sites industriels, agricoles, artisanaux et visites techniques;3262.0;47.106483, -1.2984857
2011;LES MACHINES DE L'ILE;NANTES;Parcs à thème;306379.0;47.2058839, -1.564654
2011;LES REMPARTS ET LA PORTE SAINT-MICHEL;GUERANDE;Musées et Muséums;27616.0;47.32673, -2.42872
2011;MUSÉE DES MARAIS SALANTS;BATZ-SUR-MER;Musées et muséums;4138.0;47.27897, -2.47799
2011;MUSÉE DU GRAND BLOCKHAUS;BATZ-SUR-MER;Sites à caractère militaire et lieux de mémoire;38702.0;47.27055, -2.468
2011;SITE DE L'ABBATIALE - DEAS;SAINT-PHILBERT-DE-GRAND-LIEU;Edifices et patrimoine religieux;9012.0;47.0386979, -1.6408922
2010;CHATEAU DE CHATEAUBRIANT, GRAND PATRIMOINE DE LOIRE-ATLANTIQUE;CHATEAUBRIANT;Châteaux et architecture civile remarquable;21917.0;47.7184203, -1.3724043
2010;CLOCHER DE SAINT-LUMINE-DE-COUTAIS;SAINT-LUMINE-DE-COUTAIS;Edifices et patrimoine religieux;;47.0553827, -1.7261296
2010;ECOMUSEE RURAL DU PAYS NANTAIS : SITE DE LA PÂQUELAIS;VIGNEUX-DE-BRETAGNE;Musées et muséums;5130.0;47.3336602, -1.6964894
2010;LE MOULIN A PAPIER DU LIVEAU;GORGES;Sites industriels, agricoles, artisanaux et visites techniques;3466.0;47.106483, -1.2984857
2010;MUSÉE DOBRÉE - GRAND PATRIMOINE DE LOIRE-ATLANTIQUE;NANTES;Musées et Muséums;26051.0;47.2125756, -1.5664856
2010;VILLAGE DE KERHINET;SAINT-LYPHARD;Musées et Muséums;50349.0;47.36437, -2.34901
2009;ABBAYE DE MELLERAY;LA MEILLERAYE-DE-BRETAGNE;Edifices et patrimoine religieux;22746.0;47.5331514, -1.3389215
2009;CHÂTEAU DES DUCS DE BRETAGNE - MUSÉE D'HISTOIRE DE NANTES;NANTES;Musées et Muséums;167867.0;47.2161732, -1.5493331
2009;DÉFI NATURE;FROSSAY;Parcs à thème;;47.23611, -1.95229
2009;FERME PEDAGOGIQUE DE LA PUILLIERE;PORT-SAINT-PERE;Sites industriels, agricoles, artisanaux et visites techniques;3097.0;47.15699, -1.76409
2009;LA MAISON DES PALUDIERS;GUERANDE;Sites industriels, agricoles, artisanaux et visites techniques;27178.0;47.29488, -2.43093
2009;MAISON DES HOMMES ET DES TECHNIQUES;NANTES;Sites industriels, agricoles, artisanaux et visites techniques;12884.0;47.2058086, -1.5657234
2009;MAISON DU PATRIMOINE DE PIRIAC-SUR-MER;PIRIAC-SUR-MER;Musées et Muséums;2977.0;47.36616, -2.52812
2009;MUSEE DU PAYS DE RETZ;VILLENEUVE-EN-RETZ;Musées et Muséums;5933.0;47.0422798, -1.9518928
2009;SÉMAPHORE DE LA POINTE SAINT-GILDAS;PREFAILLES;Musées et Muséums;10980.0;47.13372, -2.24588
2020;CHATEAU DE CHATEAUBRIANT, GRAND PATRIMOINE DE LOIRE-ATLANTIQUE;CHATEAUBRIANT;Châteaux et architecture civile remarquable;4133.0;47.7184203, -1.3724043
2020;CHÂTEAU DE CLISSON GRAND PATRIMOINE DE LOIRE-ATLANTIQUE;CLISSON;Châteaux et architecture civile remarquable;11187.0;47.08691, -1.2817909
2020;CHÂTEAU DES DUCS DE BRETAGNE - MUSÉE D'HISTOIRE DE NANTES;NANTES;Musées et Muséums;138084.0;47.2161732, -1.5493331
2020;FRAC DES PAYS DE LA LOIRE;CARQUEFOU;Musées et muséums;0.0;47.3025061, -1.5039115
2020;LE MOULIN A PAPIER DU LIVEAU;GORGES;Sites industriels, agricoles, artisanaux et visites techniques;;47.106483, -1.2984857
2020;MUSEE DU PAYS DE RETZ;VILLENEUVE-EN-RETZ;Musées et Muséums;0.0;47.0422798, -1.9518928
2020;MUSÉE JULES VERNE;NANTES;Musées et Muséums;16585.0;47.2015348, -1.577079
2020;PLANÉTARIUM;NANTES;Musées et Muséums;15711.0;47.2021694, -1.577289
2020;SAINT-NAZAIRE, LE PORT DE TOUS LES VOYAGES;SAINT-NAZAIRE;Sites industriels, agricoles, artisanaux et visites techniques;138472.0;47.2757524, -2.2034629
2020;SÉMAPHORE DE LA POINTE SAINT-GILDAS;PREFAILLES;Musées et Muséums;6085.0;47.13372, -2.24588
2019;ABBAYE DE MELLERAY;LA MEILLERAYE-DE-BRETAGNE;Edifices et patrimoine religieux;4739.0;47.5331514, -1.3389215
2019;CHÂTEAU MÉDIÉVAL D’OUDON;OUDON;Châteaux et architecture civile remarquable;14973.0;47.3460115, -1.2899668
2019;LA MAISON DES PALUDIERS;GUERANDE;Sites industriels, agricoles, artisanaux et visites techniques;15939.0;47.29488, -2.43093
2019;MUSEE DU PAYS DE RETZ;VILLENEUVE-EN-RETZ;Musées et Muséums;3504.0;47.0422798, -1.9518928
2019;OCÉARIUM DU CROISIC;LE CROISIC;Parcs animaliers;248095.0;47.30072, -2.52454
2018;ARC-EN-CIEL;COUERON;Sites industriels, agricoles, artisanaux et visites techniques;3042.0;47.2096813, -1.7010678
2018;LA MAISON DES PALUDIERS;GUERANDE;Sites industriels, agricoles, artisanaux et visites techniques;17048.0;47.29488, -2.43093
2018;LA VALLEE DES KORRIGANS ET TEPACAP !;SAVENAY;Parcs à thème;30829.0;47.2327, -0.3351
2018;MAISON DU LAC DE GRAND-LIEU;BOUAYE;Musées et Muséums;14906.0;47.1376712, -1.6960219
2018;OBSERVATOIRE ORNITHOLOGIQUE  DU LAC GRAND-LIEU;BOUAYE;Musées et Muséums;1920.0;47.2141, -1.4056
2018;SÉMAPHORE DE LA POINTE SAINT-GILDAS;PREFAILLES;Musées et Muséums;10296.0;47.13372, -2.24588
2017;CHÂTEAU DE CLISSON GRAND PATRIMOINE DE LOIRE-ATLANTIQUE;CLISSON;Châteaux et architecture civile remarquable;38772.0;47.08691, -1.2817909
2017;FERME PEDAGOGIQUE DE LA PUILLIERE;PORT-SAINT-PERE;Sites industriels, agricoles, artisanaux et visites techniques;5252.0;47.15699, -1.76409
2017;LA VALLEE DES KORRIGANS ET TEPACAP !;SAVENAY;Parcs à thème;34833.0;47.2327, -0.3351
2017;LE MOULIN A PAPIER DU LIVEAU;GORGES;Sites industriels, agricoles, artisanaux et visites techniques;7324.0;47.106483, -1.2984857
2017;MUSÉE DES MARAIS SALANTS;BATZ-SUR-MER;Musées et muséums;22497.0;47.27897, -2.47799
2017;MUSEE DU PAYS DE RETZ;VILLENEUVE-EN-RETZ;Musées et Muséums;;47.0422798, -1.9518928
2020;CLOCHER DE SAINT-LUMINE-DE-COUTAIS;SAINT-LUMINE-DE-COUTAIS;Edifices et patrimoine religieux;1042.0;47.0553827, -1.7261296
2017;SÉMAPHORE DE LA POINTE SAINT-GILDAS;PREFAILLES;Musées et Muséums;10007.0;47.13372, -2.24588
2020;MUSÉE AÉRONAUTIQUE DE LA PRESQU'ILE CÔTE D'AMOUR (MAPICA);LA BAULE-ESCOUBLAC;Musées et Muséums;693.0;47.28674, -2.34785
2017;TOUR SAINT-GUÉNOLÉ;BATZ-SUR-MER;Edifices et patrimoine religieux;19117.0;47.27726, -2.4803
2020;MUSÉE DE LA MARINE;SAINT-BREVIN-LES-PINS;Musées et Muséums;2304.0;47.26799, -2.16974
2016;CHÂTEAU DE RANROUËT;HERBIGNAC;Châteaux et architecture civile remarquable;18103.0;47.44494, -2.29934
2020;MUSÉE DES MARAIS SALANTS;BATZ-SUR-MER;Musées et muséums;11667.0;47.27897, -2.47799
2016;CHÂTEAU DES DUCS DE BRETAGNE - MUSÉE D'HISTOIRE DE NANTES;NANTES;Musées et Muséums;231724.0;47.2161732, -1.5493331
2020;MUSÉE DOBRÉE - GRAND PATRIMOINE DE LOIRE-ATLANTIQUE;NANTES;Musées et Muséums;0.0;47.2125756, -1.5664856
2016;DOMAINE DE LA GARENNE LEMOT GRAND PATRIMOINE DE LOIRE-ATLANTIQUE;GETIGNE;Châteaux et architecture civile remarquable;258712.0;47.0860974, -1.2749491
2020;TERRE DE SEL;GUERANDE;Sites industriels, agricoles, artisanaux et visites techniques;42305.0;47.31614, -2.4524
2016;LA MAISON DES PALUDIERS;GUERANDE;Sites industriels, agricoles, artisanaux et visites techniques;16010.0;47.29488, -2.43093
2019;CLOCHER DE SAINT-LUMINE-DE-COUTAIS;SAINT-LUMINE-DE-COUTAIS;Edifices et patrimoine religieux;2543.0;47.0553827, -1.7261296
2016;LA VALLEE DES KORRIGANS ET TEPACAP !;SAVENAY;Parcs à thème;44700.0;47.2327, -0.3351
2019;LE CHRONOGRAPHE;REZE;Musées et Muséums;23565.0;47.1915542, -1.5663021
2016;LE MOULIN A PAPIER DU LIVEAU;GORGES;Sites industriels, agricoles, artisanaux et visites techniques;6523.0;47.106483, -1.2984857
2019;LES REMPARTS ET LA PORTE SAINT-MICHEL;GUERANDE;Musées et Muséums;;47.32673, -2.42872
2016;LES MACHINES DE L'ILE;NANTES;Parcs à thème;664566.0;47.2058839, -1.564654
2019;MUSÉE D’ARTS DE NANTES;NANTES;Musées et Muséums;298776.0;47.2192326, -1.547046
2016;MAISON DE LA MARIÉE;SAINT-JOACHIM;Musées et Muséums;616.0;47.3752, -2.21456
2019;MUSÉE NAVAL MAILLÉ BRÉZÉ;NANTES;Sites à caractère militaire et lieux de mémoire;26945.0;47.2068581, -1.5717315
2016;MUSÉE DE LA RÉSISTANCE;CHATEAUBRIANT;Sites à caractère militaire et lieux de mémoire;3451.0;47.7249616, -1.3463906
2019;ZOO DE LA BOISSIERE DU DORE;LA BOISSIERE-DU-DORE;Parcs animaliers;142685.0;47.2323529, -1.2199962
2016;PLANETE SAUVAGE;PORT-SAINT-PERE;Parcs animaliers;255115.0;47.11925, -1.76516
2018;CHÂTEAU DE CLISSON GRAND PATRIMOINE DE LOIRE-ATLANTIQUE;CLISSON;Châteaux et architecture civile remarquable;42182.0;47.08691, -1.2817909
2015;ACROCIME CARQUEFOU;CARQUEFOU;Parcs à thème;;47.2963306, -1.4619546
2018;CHÂTEAU DES DUCS DE BRETAGNE - COUR DU CHÂTEAU;NANTES;Châteaux et architecture civile remarquable;1553094.0;47.2161732, -1.5493331
2015;ARC-EN-CIEL;COUERON;Sites industriels, agricoles, artisanaux et visites techniques;6790.0;47.2096813, -1.7010678
2018;DOMAINE DE LA GARENNE LEMOT GRAND PATRIMOINE DE LOIRE-ATLANTIQUE;GETIGNE;Châteaux et architecture civile remarquable;244428.0;47.0860974, -1.2749491
2015;CLOCHER DE SAINT-LYPHARD;SAINT-LYPHARD;Edifices et patrimoine religieux;5838.0;47.3982, -2.3051
2018;LA CHAUMIÈRE BRIÉRONNE;SAINT-JOACHIM;Musées et muséums;3537.0;47.3721049, -2.2139603
2015;ECOMUSEE RURAL DU PAYS NANTAIS : SITE DE LA PÂQUELAIS;VIGNEUX-DE-BRETAGNE;Musées et muséums;5255.0;47.3336602, -1.6964894
2018;MUSÉE DES MARAIS SALANTS;BATZ-SUR-MER;Musées et muséums;20254.0;47.27897, -2.47799
2015;MUSÉE DE LA MARINE;SAINT-BREVIN-LES-PINS;Musées et Muséums;4209.0;47.26799, -2.16974
2018;MUSÉE DU GRAND BLOCKHAUS;BATZ-SUR-MER;Sites à caractère militaire et lieux de mémoire;38341.0;47.27055, -2.468
2015;OCÉARIUM DU CROISIC;LE CROISIC;Parcs animaliers;250132.0;47.30072, -2.52454
2018;MUSÉUM D'HISTOIRE NATURELLE;NANTES;Musées et Muséums;144500.0;47.2126646, -1.5648566
2015;PLANETE SAUVAGE;PORT-SAINT-PERE;Parcs animaliers;251861.0;47.11925, -1.76516
2018;PLANETE SAUVAGE;PORT-SAINT-PERE;Parcs animaliers;270795.0;47.11925, -1.76516
2014;MUSÉE DE LA MARINE;SAINT-BREVIN-LES-PINS;Musées et Muséums;4813.0;47.26799, -2.16974
2018;TOUR SAINT-GUÉNOLÉ;BATZ-SUR-MER;Edifices et patrimoine religieux;19527.0;47.27726, -2.4803
2014;RÉSERVE NATURELLE RÉGIONALE MARAIS DE BRIÈRE - SITE PIERRE CONSTANT;SAINT-MALO-DE-GUERSAC;Musées et Muséums;1571.0;47.3607104, -2.19828
2017;CHÂTEAU DES DUCS DE BRETAGNE - COUR DU CHÂTEAU;NANTES;Châteaux et architecture civile remarquable;1471741.0;47.2161732, -1.5493331
2014;ZOO DE LA BOISSIERE DU DORE;LA BOISSIERE-DU-DORE;Parcs animaliers;144964.0;47.2323529, -1.2199962
2017;CLOCHER DE SAINT-LUMINE-DE-COUTAIS;SAINT-LUMINE-DE-COUTAIS;Edifices et patrimoine religieux;;47.0553827, -1.7261296
2013;ABBAYE DE MELLERAY;LA MEILLERAYE-DE-BRETAGNE;Edifices et patrimoine religieux;18617.0;47.5331514, -1.3389215
2017;DOMAINE DE LA GARENNE LEMOT GRAND PATRIMOINE DE LOIRE-ATLANTIQUE;GETIGNE;Châteaux et architecture civile remarquable;259147.0;47.0860974, -1.2749491
2013;CHÂTEAU MÉDIÉVAL D’OUDON;OUDON;Châteaux et architecture civile remarquable;14477.0;47.3460115, -1.2899668
2017;LA CARRIERE DES FUSILLES;CHATEAUBRIANT;Sites à caractère militaire et lieux de mémoire;7536.0;47.7235484, -1.3488088
2013;LA CARRIERE DES FUSILLES;CHATEAUBRIANT;Sites à caractère militaire et lieux de mémoire;8087.0;47.7235484, -1.3488088
2017;LA CHAUMIÈRE BRIÉRONNE;SAINT-JOACHIM;Musées et muséums;;47.3721049, -2.2139603
2013;LA MAISON DES PALUDIERS;GUERANDE;Sites industriels, agricoles, artisanaux et visites techniques;21493.0;47.29488, -2.43093
2017;LES REMPARTS ET LA PORTE SAINT-MICHEL;GUERANDE;Musées et Muséums;39580.0;47.32673, -2.42872
2013;LA VALLEE DES KORRIGANS ET TEPACAP !;SAVENAY;Parcs à thème;;47.2327, -0.3351
2017;MAISON DU LAC DE GRAND-LIEU;BOUAYE;Musées et Muséums;17581.0;47.1376712, -1.6960219
2013;MUSÉE JULES VERNE;NANTES;Musées et Muséums;28406.0;47.2015348, -1.577079
2017;PLANÉTARIUM;NANTES;Musées et Muséums;46924.0;47.2021694, -1.577289
2013;OCÉARIUM DU CROISIC;LE CROISIC;Parcs animaliers;247274.0;47.30072, -2.52454
2016;DÉFI NATURE;FROSSAY;Parcs à thème;15191.0;47.23611, -1.95229
2012;CHÂTEAU DES DUCS DE BRETAGNE - MUSÉE D'HISTOIRE DE NANTES;NANTES;Musées et Muséums;167598.0;47.2161732, -1.5493331
2016;LEGENDIA PARC;FROSSAY;Parcs animaliers;60000.0;47.21987, -1.97323
2012;LA VALLEE DES KORRIGANS ET TEPACAP !;SAVENAY;Parcs à thème;;47.2327, -0.3351
2016;MUSÉE AÉRONAUTIQUE DE LA PRESQU'ILE CÔTE D'AMOUR (MAPICA);LA BAULE-ESCOUBLAC;Musées et Muséums;7685.0;47.28674, -2.34785
2012;LES MACHINES DE L'ILE;NANTES;Parcs à thème;505244.0;47.2058839, -1.564654
2016;MUSEE DU VIGNOBLE NANTAIS;LE PALLET;Musées et Muséums;8427.0;47.1343552, -1.329591
2012;LES REMPARTS ET LA PORTE SAINT-MICHEL;GUERANDE;Musées et Muséums;29274.0;47.32673, -2.42872
2016;MUSÉE NAVAL MAILLÉ BRÉZÉ;NANTES;Sites à caractère militaire et lieux de mémoire;12843.0;47.2068581, -1.5717315
2012;MUSÉE D’ARTS DE NANTES;NANTES;Musées et Muséums;51527.0;47.2192326, -1.547046
2016;MUSÉUM D'HISTOIRE NATURELLE;NANTES;Musées et Muséums;139100.0;47.2126646, -1.5648566
2012;MUSÉE JULES VERNE;NANTES;Musées et Muséums;26902.0;47.2015348, -1.577079
2016;OBSERVATOIRE ORNITHOLOGIQUE  DU LAC GRAND-LIEU;BOUAYE;Musées et Muséums;;47.2141, -1.4056
2012;SITE DE L'ABBATIALE - DEAS;SAINT-PHILBERT-DE-GRAND-LIEU;Edifices et patrimoine religieux;9148.0;47.0386979, -1.6408922
2016;OCÉARIUM DU CROISIC;LE CROISIC;Parcs animaliers;231805.0;47.30072, -2.52454
2012;ZOO DE LA BOISSIERE DU DORE;LA BOISSIERE-DU-DORE;Parcs animaliers;126835.0;47.2323529, -1.2199962
2015;CHÂTEAU DE RANROUËT;HERBIGNAC;Châteaux et architecture civile remarquable;18770.0;47.44494, -2.29934
2011;CHATEAU DE CHATEAUBRIANT, GRAND PATRIMOINE DE LOIRE-ATLANTIQUE;CHATEAUBRIANT;Châteaux et architecture civile remarquable;9833.0;47.7184203, -1.3724043
2015;DOMAINE DE LA GARENNE LEMOT GRAND PATRIMOINE DE LOIRE-ATLANTIQUE;GETIGNE;Châteaux et architecture civile remarquable;44148.0;47.0860974, -1.2749491
2011;FRAC DES PAYS DE LA LOIRE;CARQUEFOU;Musées et muséums;11180.0;47.3025061, -1.5039115
2015;FERME PEDAGOGIQUE DE LA PUILLIERE;PORT-SAINT-PERE;Sites industriels, agricoles, artisanaux et visites techniques;4028.0;47.15699, -1.76409
2011;LA VALLEE DES KORRIGANS ET TEPACAP !;SAVENAY;Parcs à thème;16365.0;47.2327, -0.3351
2015;LA CHAUMIÈRE BRIÉRONNE;SAINT-JOACHIM;Musées et muséums;5731.0;47.3721049, -2.2139603
2011;LE CHRONOGRAPHE;REZE;Musées et Muséums;;47.1915542, -1.5663021
2015;MUSÉE AÉRONAUTIQUE DE LA PRESQU'ILE CÔTE D'AMOUR (MAPICA);LA BAULE-ESCOUBLAC;Musées et Muséums;7327.0;47.28674, -2.34785
2011;MUSEE DU PAYS DE RETZ;VILLENEUVE-EN-RETZ;Musées et Muséums;4830.0;47.0422798, -1.9518928
2015;MUSÉE D’ARTS DE NANTES;NANTES;Musées et Muséums;145451.0;47.2192326, -1.547046
2011;MUSEE DU VIGNOBLE NANTAIS;LE PALLET;Musées et Muséums;6557.0;47.1343552, -1.329591
2015;MUSÉE DE LA RÉSISTANCE;CHATEAUBRIANT;Sites à caractère militaire et lieux de mémoire;3243.0;47.7249616, -1.3463906
2011;MUSÉE NAVAL MAILLÉ BRÉZÉ;NANTES;Sites à caractère militaire et lieux de mémoire;13928.0;47.2068581, -1.5717315
2015;MUSEE DU PAYS DE RETZ;VILLENEUVE-EN-RETZ;Musées et Muséums;2984.0;47.0422798, -1.9518928
2011;RÉSERVE NATURELLE RÉGIONALE MARAIS DE BRIÈRE - SITE PIERRE CONSTANT;SAINT-MALO-DE-GUERSAC;Musées et Muséums;2903.0;47.3607104, -2.19828
2015;MUSÉE NAVAL MAILLÉ BRÉZÉ;NANTES;Sites à caractère militaire et lieux de mémoire;25929.0;47.2068581, -1.5717315
2010;CHÂTEAU DES DUCS DE BRETAGNE - MUSÉE D'HISTOIRE DE NANTES;NANTES;Musées et Muséums;188679.0;47.2161732, -1.5493331
2015;MUSÉUM D'HISTOIRE NATURELLE;NANTES;Musées et Muséums;108500.0;47.2126646, -1.5648566
2010;FRAC DES PAYS DE LA LOIRE;CARQUEFOU;Musées et muséums;0.0;47.3025061, -1.5039115
2015;RÉSERVE NATURELLE RÉGIONALE MARAIS DE BRIÈRE - SITE PIERRE CONSTANT;SAINT-MALO-DE-GUERSAC;Musées et Muséums;2407.0;47.3607104, -2.19828
2010;LES MACHINES DE L'ILE;NANTES;Parcs à thème;283211.0;47.2058839, -1.564654
2015;TERRE DE SEL;GUERANDE;Sites industriels, agricoles, artisanaux et visites techniques;80985.0;47.31614, -2.4524
2010;MUSÉE DE L'IMPRIMERIE;NANTES;Musées et Muséums;14463.0;47.211013, -1.56184
2015;TOUR SAINT-GUÉNOLÉ;BATZ-SUR-MER;Edifices et patrimoine religieux;18552.0;47.27726, -2.4803
2010;MUSEE DU PAYS DE RETZ;VILLENEUVE-EN-RETZ;Musées et Muséums;3922.0;47.0422798, -1.9518928
2014;ABBAYE DE MELLERAY;LA MEILLERAYE-DE-BRETAGNE;Edifices et patrimoine religieux;17644.0;47.5331514, -1.3389215
2010;OBSERVATOIRE ORNITHOLOGIQUE  DU LAC GRAND-LIEU;BOUAYE;Musées et Muséums;;47.2141, -1.4056
2014;CHÂTEAU DE RANROUËT;HERBIGNAC;Châteaux et architecture civile remarquable;16796.0;47.44494, -2.29934
2010;RÉSERVE NATURELLE RÉGIONALE MARAIS DE BRIÈRE - SITE PIERRE CONSTANT;SAINT-MALO-DE-GUERSAC;Musées et Muséums;;47.3607104, -2.19828
2014;MUSÉUM D'HISTOIRE NATURELLE;NANTES;Musées et Muséums;95420.0;47.2126646, -1.5648566
2009;CHATEAU DE CHATEAUBRIANT, GRAND PATRIMOINE DE LOIRE-ATLANTIQUE;CHATEAUBRIANT;Châteaux et architecture civile remarquable;17975.0;47.7184203, -1.3724043
2014;TERRE DE SEL;GUERANDE;Sites industriels, agricoles, artisanaux et visites techniques;77833.0;47.31614, -2.4524
2009;CHÂTEAU MÉDIÉVAL D’OUDON;OUDON;Châteaux et architecture civile remarquable;11164.0;47.3460115, -1.2899668
2013;DÉFI NATURE;FROSSAY;Parcs à thème;;47.23611, -1.95229
2009;LA VALLEE DES KORRIGANS ET TEPACAP !;SAVENAY;Parcs à thème;18388.0;47.2327, -0.3351
2013;DOMAINE DE LA GARENNE LEMOT GRAND PATRIMOINE DE LOIRE-ATLANTIQUE;GETIGNE;Châteaux et architecture civile remarquable;47895.0;47.0860974, -1.2749491
2009;LEGENDIA PARC;FROSSAY;Parcs animaliers;53940.0;47.21987, -1.97323
2013;MAISON DU PATRIMOINE DE PIRIAC-SUR-MER;PIRIAC-SUR-MER;Musées et Muséums;3690.0;47.36616, -2.52812
2009;MUSÉE DU GRAND BLOCKHAUS;BATZ-SUR-MER;Sites à caractère militaire et lieux de mémoire;37958.0;47.27055, -2.468
2013;MUSÉE DES MARAIS SALANTS;BATZ-SUR-MER;Musées et muséums;8612.0;47.27897, -2.47799
2009;OBSERVATOIRE ORNITHOLOGIQUE  DU LAC GRAND-LIEU;BOUAYE;Musées et Muséums;;47.2141, -1.4056
2013;ZOO DE LA BOISSIERE DU DORE;LA BOISSIERE-DU-DORE;Parcs animaliers;137861.0;47.2323529, -1.2199962
2012;ABBAYE DE MELLERAY;LA MEILLERAYE-DE-BRETAGNE;Edifices et patrimoine religieux;19614.0;47.5331514, -1.3389215
2012;CHÂTEAU DES DUCS DE BRETAGNE - COUR DU CHÂTEAU;NANTES;Châteaux et architecture civile remarquable;1276675.0;47.2161732, -1.5493331
2012;LA CARRIERE DES FUSILLES;CHATEAUBRIANT;Sites à caractère militaire et lieux de mémoire;8947.0;47.7235484, -1.3488088
2012;MAISON DES PECHEURS DU LAC DE GRAND LIEU;LA CHEVROLIERE;Musées et Muséums;;47.0976913, -1.6375926
2012;MUSÉE DU GRAND BLOCKHAUS;BATZ-SUR-MER;Sites à caractère militaire et lieux de mémoire;34442.0;47.27055, -2.468
2012;MUSÉUM D'HISTOIRE NATURELLE;NANTES;Musées et Muséums;87000.0;47.2126646, -1.5648566
2012;OBSERVATOIRE ORNITHOLOGIQUE  DU LAC GRAND-LIEU;BOUAYE;Musées et Muséums;;47.2141, -1.4056
2012;PLANETE SAUVAGE;PORT-SAINT-PERE;Parcs animaliers;236760.0;47.11925, -1.76516
2011;ARC-EN-CIEL;COUERON;Sites industriels, agricoles, artisanaux et visites techniques;6631.0;47.2096813, -1.7010678
2011;MAISON DES HOMMES ET DES TECHNIQUES;NANTES;Sites industriels, agricoles, artisanaux et visites techniques;15846.0;47.2058086, -1.5657234
2011;TERRE DE SEL;GUERANDE;Sites industriels, agricoles, artisanaux et visites techniques;72370.0;47.31614, -2.4524
2020;DOMAINE DE LA GARENNE LEMOT GRAND PATRIMOINE DE LOIRE-ATLANTIQUE;GETIGNE;Châteaux et architecture civile remarquable;256463.0;47.0860974, -1.2749491
2011;TOUR SAINT-GUÉNOLÉ;BATZ-SUR-MER;Edifices et patrimoine religieux;;47.27726, -2.4803
2020;FERME PEDAGOGIQUE DE LA PUILLIERE;PORT-SAINT-PERE;Sites industriels, agricoles, artisanaux et visites techniques;2034.0;47.15699, -1.76409
2010;DOMAINE DE LA GARENNE LEMOT GRAND PATRIMOINE DE LOIRE-ATLANTIQUE;GETIGNE;Châteaux et architecture civile remarquable;33781.0;47.0860974, -1.2749491
2020;LA MAISON DE LA PÊCHE;LA TURBALLE;Musées et muséums;3817.0;47.34819, -2.51469
2010;LA MAISON DES PALUDIERS;GUERANDE;Sites industriels, agricoles, artisanaux et visites techniques;23017.0;47.29488, -2.43093
2020;LEGENDIA PARC;FROSSAY;Parcs animaliers;48987.0;47.21987, -1.97323
2010;LA VALLEE DES KORRIGANS ET TEPACAP !;SAVENAY;Parcs à thème;17860.0;47.2327, -0.3351
2020;LES MACHINES DE L'ILE;NANTES;Parcs à thème;321928.0;47.2058839, -1.564654
2010;MAISON DES PECHEURS DU LAC DE GRAND LIEU;LA CHEVROLIERE;Musées et Muséums;3489.0;47.0976913, -1.6375926
2020;LES REMPARTS ET LA PORTE SAINT-MICHEL;GUERANDE;Musées et Muséums;;47.32673, -2.42872
2010;MUSÉE D’ARTS DE NANTES;NANTES;Musées et Muséums;0.0;47.2192326, -1.547046
2020;MAISON DES HOMMES ET DES TECHNIQUES;NANTES;Sites industriels, agricoles, artisanaux et visites techniques;4946.0;47.2058086, -1.5657234
2010;SAINT-NAZAIRE, LE PORT DE TOUS LES VOYAGES;SAINT-NAZAIRE;Sites industriels, agricoles, artisanaux et visites techniques;223630.0;47.2757524, -2.2034629
2020;OCÉARIUM DU CROISIC;LE CROISIC;Parcs animaliers;172938.0;47.30072, -2.52454
2009;CHÂTEAU DE CLISSON GRAND PATRIMOINE DE LOIRE-ATLANTIQUE;CLISSON;Châteaux et architecture civile remarquable;50999.0;47.08691, -1.2817909
2020;RÉSERVE NATURELLE RÉGIONALE MARAIS DE BRIÈRE - SITE PIERRE CONSTANT;SAINT-MALO-DE-GUERSAC;Musées et Muséums;3209.0;47.3607104, -2.19828
2009;CHÂTEAU DES DUCS DE BRETAGNE - COUR DU CHÂTEAU;NANTES;Châteaux et architecture civile remarquable;1271296.0;47.2161732, -1.5493331
2019;CHÂTEAU DES DUCS DE BRETAGNE - MUSÉE D'HISTOIRE DE NANTES;NANTES;Musées et Muséums;308740.0;47.2161732, -1.5493331
2009;LE CHRONOGRAPHE;REZE;Musées et Muséums;;47.1915542, -1.5663021
2019;FRAC DES PAYS DE LA LOIRE;CARQUEFOU;Musées et muséums;5842.0;47.3025061, -1.5039115
2009;LES REMPARTS ET LA PORTE SAINT-MICHEL;GUERANDE;Musées et Muséums;;47.32673, -2.42872
2019;LE MOULIN A PAPIER DU LIVEAU;GORGES;Sites industriels, agricoles, artisanaux et visites techniques;8042.0;47.106483, -1.2984857
2009;MAISON DE LA MARIÉE;SAINT-JOACHIM;Musées et Muséums;3533.0;47.3752, -2.21456
2019;MAISON DES HOMMES ET DES TECHNIQUES;NANTES;Sites industriels, agricoles, artisanaux et visites techniques;20185.0;47.2058086, -1.5657234
2009;MAISON DU LAC DE GRAND-LIEU;BOUAYE;Musées et Muséums;;47.1376712, -1.6960219
2019;OBSERVATOIRE ORNITHOLOGIQUE  DU LAC GRAND-LIEU;BOUAYE;Musées et Muséums;2495.0;47.2141, -1.4056
2009;MUSÉE DOBRÉE - GRAND PATRIMOINE DE LOIRE-ATLANTIQUE;NANTES;Musées et Muséums;37969.0;47.2125756, -1.5664856
2018;CLOCHER DE SAINT-LYPHARD;SAINT-LYPHARD;Edifices et patrimoine religieux;3541.0;47.3982, -2.3051
2009;MUSÉE JULES VERNE;NANTES;Musées et Muséums;22457.0;47.2015348, -1.577079
2018;DÉFI NATURE;FROSSAY;Parcs à thème;14174.0;47.23611, -1.95229
2009;TERRE DE SEL;GUERANDE;Sites industriels, agricoles, artisanaux et visites techniques;61160.0;47.31614, -2.4524
2018;FERME PEDAGOGIQUE DE LA PUILLIERE;PORT-SAINT-PERE;Sites industriels, agricoles, artisanaux et visites techniques;5796.0;47.15699, -1.76409
2009;VILLAGE DE KERHINET;SAINT-LYPHARD;Musées et Muséums;52400.0;47.36437, -2.34901
2018;LA MAISON DE LA PÊCHE;LA TURBALLE;Musées et muséums;7310.0;47.34819, -2.51469
2018;MUSÉE D’ARTS DE NANTES;NANTES;Musées et Muséums;326296.0;47.2192326, -1.547046
2018;SITE DE L'ABBATIALE - DEAS;SAINT-PHILBERT-DE-GRAND-LIEU;Edifices et patrimoine religieux;10967.0;47.0386979, -1.6408922
2017;CHÂTEAU DE RANROUËT;HERBIGNAC;Châteaux et architecture civile remarquable;16627.0;47.44494, -2.29934
2017;CLOCHER DE SAINT-LYPHARD;SAINT-LYPHARD;Edifices et patrimoine religieux;3576.0;47.3982, -2.3051
2017;MUSÉE DE LA MARINE;SAINT-BREVIN-LES-PINS;Musées et Muséums;6159.0;47.26799, -2.16974
2017;MUSÉE DU GRAND BLOCKHAUS;BATZ-SUR-MER;Sites à caractère militaire et lieux de mémoire;38759.0;47.27055, -2.468
2017;SITE DE L'ABBATIALE - DEAS;SAINT-PHILBERT-DE-GRAND-LIEU;Edifices et patrimoine religieux;17398.0;47.0386979, -1.6408922
2017;VILLAGE DE KERHINET;SAINT-LYPHARD;Musées et Muséums;76951.0;47.36437, -2.34901
2016;ACROCIME CARQUEFOU;CARQUEFOU;Parcs à thème;;47.2963306, -1.4619546
2016;LA CARRIERE DES FUSILLES;CHATEAUBRIANT;Sites à caractère militaire et lieux de mémoire;9470.0;47.7235484, -1.3488088
2016;MAISON DES PECHEURS DU LAC DE GRAND LIEU;LA CHEVROLIERE;Musées et Muséums;4075.0;47.0976913, -1.6375926
2016;MUSÉE D’ARTS DE NANTES;NANTES;Musées et Muséums;99857.0;47.2192326, -1.547046
2016;MUSÉE DOBRÉE - GRAND PATRIMOINE DE LOIRE-ATLANTIQUE;NANTES;Musées et Muséums;42423.0;47.2125756, -1.5664856
2016;MUSEE DU PAYS DE RETZ;VILLENEUVE-EN-RETZ;Musées et Muséums;2701.0;47.0422798, -1.9518928
2016;VILLAGE DE KERHINET;SAINT-LYPHARD;Musées et Muséums;85829.0;47.36437, -2.34901
2015;DÉFI NATURE;FROSSAY;Parcs à thème;;47.23611, -1.95229
2015;LA VALLEE DES KORRIGANS ET TEPACAP !;SAVENAY;Parcs à thème;24449.0;47.2327, -0.3351
2015;LE MOULIN A PAPIER DU LIVEAU;GORGES;Sites industriels, agricoles, artisanaux et visites techniques;7688.0;47.106483, -1.2984857
2015;MUSÉE DES MARAIS SALANTS;BATZ-SUR-MER;Musées et muséums;21410.0;47.27897, -2.47799
2014;CHATEAU DE CHATEAUBRIANT, GRAND PATRIMOINE DE LOIRE-ATLANTIQUE;CHATEAUBRIANT;Châteaux et architecture civile remarquable;71272.0;47.7184203, -1.3724043
2014;CHÂTEAU DES DUCS DE BRETAGNE - MUSÉE D'HISTOIRE DE NANTES;NANTES;Musées et Muséums;265464.0;47.2161732, -1.5493331
2014;CHÂTEAU MÉDIÉVAL D’OUDON;OUDON;Châteaux et architecture civile remarquable;17237.0;47.3460115, -1.2899668
2014;DÉFI NATURE;FROSSAY;Parcs à thème;;47.23611, -1.95229
2014;LA VALLEE DES KORRIGANS ET TEPACAP !;SAVENAY;Parcs à thème;22311.0;47.2327, -0.3351
2014;LEGENDIA PARC;FROSSAY;Parcs animaliers;60409.0;47.21987, -1.97323
2014;MAISON DU PATRIMOINE DE PIRIAC-SUR-MER;PIRIAC-SUR-MER;Musées et Muséums;;47.36616, -2.52812
2014;MUSÉE DE L'IMPRIMERIE;NANTES;Musées et Muséums;16148.0;47.211013, -1.56184
2013;ECOMUSEE RURAL DU PAYS NANTAIS : SITE DE LA PÂQUELAIS;VIGNEUX-DE-BRETAGNE;Musées et muséums;5237.0;47.3336602, -1.6964894
2013;FERME PEDAGOGIQUE DE LA PUILLIERE;PORT-SAINT-PERE;Sites industriels, agricoles, artisanaux et visites techniques;3888.0;47.15699, -1.76409
2013;MUSÉE DE LA MARINE;SAINT-BREVIN-LES-PINS;Musées et Muséums;;47.26799, -2.16974
2012;CLOCHER DE SAINT-LUMINE-DE-COUTAIS;SAINT-LUMINE-DE-COUTAIS;Edifices et patrimoine religieux;;47.0553827, -1.7261296
2012;CLOCHER DE SAINT-LYPHARD;SAINT-LYPHARD;Edifices et patrimoine religieux;6486.0;47.3982, -2.3051
2012;LA CHAUMIÈRE BRIÉRONNE;SAINT-JOACHIM;Musées et muséums;;47.3721049, -2.2139603
2012;LA MAISON DES PALUDIERS;GUERANDE;Sites industriels, agricoles, artisanaux et visites techniques;23532.0;47.29488, -2.43093
2012;MUSÉE DE L'IMPRIMERIE;NANTES;Musées et Muséums;17325.0;47.211013, -1.56184
2012;MUSEE DU VIGNOBLE NANTAIS;LE PALLET;Musées et Muséums;6879.0;47.1343552, -1.329591
2012;MUSÉE NAVAL MAILLÉ BRÉZÉ;NANTES;Sites à caractère militaire et lieux de mémoire;22532.0;47.2068581, -1.5717315
2011;CHÂTEAU DE CLISSON GRAND PATRIMOINE DE LOIRE-ATLANTIQUE;CLISSON;Châteaux et architecture civile remarquable;50378.0;47.08691, -1.2817909
2011;CHÂTEAU MÉDIÉVAL D’OUDON;OUDON;Châteaux et architecture civile remarquable;14451.0;47.3460115, -1.2899668
2011;FERME PEDAGOGIQUE DE LA PUILLIERE;PORT-SAINT-PERE;Sites industriels, agricoles, artisanaux et visites techniques;2794.0;47.15699, -1.76409
2011;MAISON DU PATRIMOINE DE PIRIAC-SUR-MER;PIRIAC-SUR-MER;Musées et Muséums;;47.36616, -2.52812
2011;MUSÉE AÉRONAUTIQUE DE LA PRESQU'ILE CÔTE D'AMOUR (MAPICA);LA BAULE-ESCOUBLAC;Musées et Muséums;5538.0;47.28674, -2.34785
2011;ZOO DE LA BOISSIERE DU DORE;LA BOISSIERE-DU-DORE;Parcs animaliers;126718.0;47.2323529, -1.2199962
2010;CHÂTEAU DE CLISSON GRAND PATRIMOINE DE LOIRE-ATLANTIQUE;CLISSON;Châteaux et architecture civile remarquable;53431.0;47.08691, -1.2817909
2010;CLOCHER DE SAINT-LYPHARD;SAINT-LYPHARD;Edifices et patrimoine religieux;5323.0;47.3982, -2.3051
2010;LA CARRIERE DES FUSILLES;CHATEAUBRIANT;Sites à caractère militaire et lieux de mémoire;9772.0;47.7235484, -1.3488088
2010;LA CHAUMIÈRE BRIÉRONNE;SAINT-JOACHIM;Musées et muséums;;47.3721049, -2.2139603
2010;LEGENDIA PARC;FROSSAY;Parcs animaliers;57969.0;47.21987, -1.97323
2010;LES REMPARTS ET LA PORTE SAINT-MICHEL;GUERANDE;Musées et Muséums;;47.32673, -2.42872
2010;MAISON DES HOMMES ET DES TECHNIQUES;NANTES;Sites industriels, agricoles, artisanaux et visites techniques;16221.0;47.2058086, -1.5657234
2010;MUSÉE DU GRAND BLOCKHAUS;BATZ-SUR-MER;Sites à caractère militaire et lieux de mémoire;37475.0;47.27055, -2.468
2010;MUSEE DU VIGNOBLE NANTAIS;LE PALLET;Musées et Muséums;6900.0;47.1343552, -1.329591
2009;ARC-EN-CIEL;COUERON;Sites industriels, agricoles, artisanaux et visites techniques;6573.0;47.2096813, -1.7010678
2009;LA CARRIERE DES FUSILLES;CHATEAUBRIANT;Sites à caractère militaire et lieux de mémoire;11446.0;47.7235484, -1.3488088
2009;SAINT-NAZAIRE, LE PORT DE TOUS LES VOYAGES;SAINT-NAZAIRE;Sites industriels, agricoles, artisanaux et visites techniques;220171.0;47.2757524, -2.2034629
2020;ARC-EN-CIEL;COUERON;Sites industriels, agricoles, artisanaux et visites techniques;0.0;47.2096813, -1.7010678
2020;CHÂTEAU DE RANROUËT;HERBIGNAC;Châteaux et architecture civile remarquable;10299.0;47.44494, -2.29934
2020;LA CARRIERE DES FUSILLES;CHATEAUBRIANT;Sites à caractère militaire et lieux de mémoire;4540.0;47.7235484, -1.3488088
2020;MAISON DE LA MARIÉE;SAINT-JOACHIM;Musées et Muséums;519.0;47.3752, -2.21456
2020;MAISON DU LAC DE GRAND-LIEU;BOUAYE;Musées et Muséums;8119.0;47.1376712, -1.6960219
2020;MUSÉE DE LA RÉSISTANCE;CHATEAUBRIANT;Sites à caractère militaire et lieux de mémoire;2083.0;47.7249616, -1.3463906
2020;MUSÉUM D'HISTOIRE NATURELLE;NANTES;Musées et Muséums;58202.0;47.2126646, -1.5648566
2020;PLANETE SAUVAGE;PORT-SAINT-PERE;Parcs animaliers;201740.0;47.11925, -1.76516
2020;SITE DE L'ABBATIALE - DEAS;SAINT-PHILBERT-DE-GRAND-LIEU;Edifices et patrimoine religieux;5278.0;47.0386979, -1.6408922
2020;VILLAGE DE KERHINET;SAINT-LYPHARD;Musées et Muséums;43290.0;47.36437, -2.34901
2019;ACROCIME CARQUEFOU;CARQUEFOU;Parcs à thème;28541.0;47.2963306, -1.4619546
2019;CHATEAU DE CHATEAUBRIANT, GRAND PATRIMOINE DE LOIRE-ATLANTIQUE;CHATEAUBRIANT;Châteaux et architecture civile remarquable;70529.0;47.7184203, -1.3724043
2019;CHÂTEAU DE CLISSON GRAND PATRIMOINE DE LOIRE-ATLANTIQUE;CLISSON;Châteaux et architecture civile remarquable;67194.0;47.08691, -1.2817909
2019;CLOCHER DE SAINT-LYPHARD;SAINT-LYPHARD;Edifices et patrimoine religieux;1819.0;47.3982, -2.3051
2019;FERME PEDAGOGIQUE DE LA PUILLIERE;PORT-SAINT-PERE;Sites industriels, agricoles, artisanaux et visites techniques;5644.0;47.15699, -1.76409
2019;LEGENDIA PARC;FROSSAY;Parcs animaliers;84904.0;47.21987, -1.97323
2019;MUSÉE AÉRONAUTIQUE DE LA PRESQU'ILE CÔTE D'AMOUR (MAPICA);LA BAULE-ESCOUBLAC;Musées et Muséums;5931.0;47.28674, -2.34785
2019;MUSÉE DOBRÉE - GRAND PATRIMOINE DE LOIRE-ATLANTIQUE;NANTES;Musées et Muséums;23569.0;47.2125756, -1.5664856
2019;PLANETE SAUVAGE;PORT-SAINT-PERE;Parcs animaliers;287183.0;47.11925, -1.76516
2019;RÉSERVE NATURELLE RÉGIONALE MARAIS DE BRIÈRE - SITE PIERRE CONSTANT;SAINT-MALO-DE-GUERSAC;Musées et Muséums;12999.0;47.3607104, -2.19828
2019;TOUR SAINT-GUÉNOLÉ;BATZ-SUR-MER;Edifices et patrimoine religieux;16522.0;47.27726, -2.4803
2018;FRAC DES PAYS DE LA LOIRE;CARQUEFOU;Musées et muséums;12873.0;47.3025061, -1.5039115
2018;MUSÉE DE LA RÉSISTANCE;CHATEAUBRIANT;Sites à caractère militaire et lieux de mémoire;4322.0;47.7249616, -1.3463906
2018;OCÉARIUM DU CROISIC;LE CROISIC;Parcs animaliers;229720.0;47.30072, -2.52454
2018;TERRE DE SEL;GUERANDE;Sites industriels, agricoles, artisanaux et visites techniques;75550.0;47.31614, -2.4524
2017;CHÂTEAU MÉDIÉVAL D’OUDON;OUDON;Châteaux et architecture civile remarquable;16066.0;47.3460115, -1.2899668
2017;FRAC DES PAYS DE LA LOIRE;CARQUEFOU;Musées et muséums;12560.0;47.3025061, -1.5039115
2017;MAISON DES HOMMES ET DES TECHNIQUES;NANTES;Sites industriels, agricoles, artisanaux et visites techniques;19737.0;47.2058086, -1.5657234
2017;MAISON DU PATRIMOINE DE PIRIAC-SUR-MER;PIRIAC-SUR-MER;Musées et Muséums;2824.0;47.36616, -2.52812
2017;MUSÉE AÉRONAUTIQUE DE LA PRESQU'ILE CÔTE D'AMOUR (MAPICA);LA BAULE-ESCOUBLAC;Musées et Muséums;4617.0;47.28674, -2.34785
2017;MUSÉE DE LA RÉSISTANCE;CHATEAUBRIANT;Sites à caractère militaire et lieux de mémoire;3009.0;47.7249616, -1.3463906
2017;MUSÉE DOBRÉE - GRAND PATRIMOINE DE LOIRE-ATLANTIQUE;NANTES;Musées et Muséums;34599.0;47.2125756, -1.5664856
2017;MUSÉUM D'HISTOIRE NATURELLE;NANTES;Musées et Muséums;118000.0;47.2126646, -1.5648566
2017;OBSERVATOIRE ORNITHOLOGIQUE  DU LAC GRAND-LIEU;BOUAYE;Musées et Muséums;;47.2141, -1.4056
2016;CHATEAU DE CHATEAUBRIANT, GRAND PATRIMOINE DE LOIRE-ATLANTIQUE;CHATEAUBRIANT;Châteaux et architecture civile remarquable;62120.0;47.7184203, -1.3724043
2016;CHÂTEAU DES DUCS DE BRETAGNE - COUR DU CHÂTEAU;NANTES;Châteaux et architecture civile remarquable;1380788.0;47.2161732, -1.5493331
2016;CLOCHER DE SAINT-LUMINE-DE-COUTAIS;SAINT-LUMINE-DE-COUTAIS;Edifices et patrimoine religieux;;47.0553827, -1.7261296
2016;FERME PEDAGOGIQUE DE LA PUILLIERE;PORT-SAINT-PERE;Sites industriels, agricoles, artisanaux et visites techniques;5210.0;47.15699, -1.76409
2016;MAISON DU LAC DE GRAND-LIEU;BOUAYE;Musées et Muséums;14784.0;47.1376712, -1.6960219
2016;MUSÉE JULES VERNE;NANTES;Musées et Muséums;27828.0;47.2015348, -1.577079
2016;TERRE DE SEL;GUERANDE;Sites industriels, agricoles, artisanaux et visites techniques;77332.0;47.31614, -2.4524
2015;CLOCHER DE SAINT-LUMINE-DE-COUTAIS;SAINT-LUMINE-DE-COUTAIS;Edifices et patrimoine religieux;;47.0553827, -1.7261296
2015;LA MAISON DE LA PÊCHE;LA TURBALLE;Musées et muséums;13604.0;47.34819, -2.51469
2015;LES MACHINES DE L'ILE;NANTES;Parcs à thème;613496.0;47.2058839, -1.564654
2015;LES REMPARTS ET LA PORTE SAINT-MICHEL;GUERANDE;Musées et Muséums;29443.0;47.32673, -2.42872
2015;MUSÉE DU GRAND BLOCKHAUS;BATZ-SUR-MER;Sites à caractère militaire et lieux de mémoire;37354.0;47.27055, -2.468
2015;PLANÉTARIUM;NANTES;Musées et Muséums;43566.0;47.2021694, -1.577289
2015;SITE DE L'ABBATIALE - DEAS;SAINT-PHILBERT-DE-GRAND-LIEU;Edifices et patrimoine religieux;8084.0;47.0386979, -1.6408922
2014;CHÂTEAU DE CLISSON GRAND PATRIMOINE DE LOIRE-ATLANTIQUE;CLISSON;Châteaux et architecture civile remarquable;42637.0;47.08691, -1.2817909
2014;ECOMUSEE RURAL DU PAYS NANTAIS : SITE DE LA PÂQUELAIS;VIGNEUX-DE-BRETAGNE;Musées et muséums;5116.0;47.3336602, -1.6964894
2014;LES MACHINES DE L'ILE;NANTES;Parcs à thème;591117.0;47.2058839, -1.564654
2014;MAISON DES HOMMES ET DES TECHNIQUES;NANTES;Sites industriels, agricoles, artisanaux et visites techniques;17704.0;47.2058086, -1.5657234
2014;MUSÉE AÉRONAUTIQUE DE LA PRESQU'ILE CÔTE D'AMOUR (MAPICA);LA BAULE-ESCOUBLAC;Musées et Muséums;6772.0;47.28674, -2.34785
2014;MUSÉE D’ARTS DE NANTES;NANTES;Musées et Muséums;223751.0;47.2192326, -1.547046
2014;PLANETE SAUVAGE;PORT-SAINT-PERE;Parcs animaliers;254656.0;47.11925, -1.76516
2014;VILLAGE DE KERHINET;SAINT-LYPHARD;Musées et Muséums;86860.0;47.36437, -2.34901
2013;CHÂTEAU DE CLISSON GRAND PATRIMOINE DE LOIRE-ATLANTIQUE;CLISSON;Châteaux et architecture civile remarquable;42618.0;47.08691, -1.2817909
2013;CHÂTEAU DES DUCS DE BRETAGNE - MUSÉE D'HISTOIRE DE NANTES;NANTES;Musées et Muséums;180072.0;47.2161732, -1.5493331
2013;LA MAISON DE LA PÊCHE;LA TURBALLE;Musées et muséums;;47.34819, -2.51469
2013;LE MOULIN A PAPIER DU LIVEAU;GORGES;Sites industriels, agricoles, artisanaux et visites techniques;4179.0;47.106483, -1.2984857
2013;LEGENDIA PARC;FROSSAY;Parcs animaliers;58476.0;47.21987, -1.97323
2013;MAISON DU LAC DE GRAND-LIEU;BOUAYE;Musées et Muséums;;47.1376712, -1.6960219
2013;MUSÉE DE LA RÉSISTANCE;CHATEAUBRIANT;Sites à caractère militaire et lieux de mémoire;3487.0;47.7249616, -1.3463906
2013;MUSÉE DE L'IMPRIMERIE;NANTES;Musées et Muséums;16147.0;47.211013, -1.56184
2013;MUSÉE DU GRAND BLOCKHAUS;BATZ-SUR-MER;Sites à caractère militaire et lieux de mémoire;32614.0;47.27055, -2.468
2013;PLANETE SAUVAGE;PORT-SAINT-PERE;Parcs animaliers;216305.0;47.11925, -1.76516
2012;ACROCIME CARQUEFOU;CARQUEFOU;Parcs à thème;;47.2963306, -1.4619546
2012;ARC-EN-CIEL;COUERON;Sites industriels, agricoles, artisanaux et visites techniques;7213.0;47.2096813, -1.7010678
2012;CHÂTEAU DE CLISSON GRAND PATRIMOINE DE LOIRE-ATLANTIQUE;CLISSON;Châteaux et architecture civile remarquable;37257.0;47.08691, -1.2817909
2012;ECOMUSEE RURAL DU PAYS NANTAIS : SITE DE LA PÂQUELAIS;VIGNEUX-DE-BRETAGNE;Musées et muséums;6605.0;47.3336602, -1.6964894
2012;FERME PEDAGOGIQUE DE LA PUILLIERE;PORT-SAINT-PERE;Sites industriels, agricoles, artisanaux et visites techniques;3076.0;47.15699, -1.76409
2012;FRAC DES PAYS DE LA LOIRE;CARQUEFOU;Musées et muséums;42444.0;47.3025061, -1.5039115
2012;LA MAISON DE LA PÊCHE;LA TURBALLE;Musées et muséums;13079.0;47.34819, -2.51469
2012;MAISON DE LA MARIÉE;SAINT-JOACHIM;Musées et Muséums;1466.0;47.3752, -2.21456
2012;MUSÉE DE LA MARINE;SAINT-BREVIN-LES-PINS;Musées et Muséums;7679.0;47.26799, -2.16974
2012;MUSÉE DE LA RÉSISTANCE;CHATEAUBRIANT;Sites à caractère militaire et lieux de mémoire;2568.0;47.7249616, -1.3463906
2012;MUSEE DU PAYS DE RETZ;VILLENEUVE-EN-RETZ;Musées et Muséums;4888.0;47.0422798, -1.9518928
2012;TOUR SAINT-GUÉNOLÉ;BATZ-SUR-MER;Edifices et patrimoine religieux;17337.0;47.27726, -2.4803
2011;OBSERVATOIRE ORNITHOLOGIQUE  DU LAC GRAND-LIEU;BOUAYE;Musées et Muséums;;47.2141, -1.4056
2011;SÉMAPHORE DE LA POINTE SAINT-GILDAS;PREFAILLES;Musées et Muséums;12973.0;47.13372, -2.24588
2010;MAISON DU LAC DE GRAND-LIEU;BOUAYE;Musées et Muséums;;47.1376712, -1.6960219
2010;MUSÉE DE LA RÉSISTANCE;CHATEAUBRIANT;Sites à caractère militaire et lieux de mémoire;3101.0;47.7249616, -1.3463906
2010;MUSÉE DES MARAIS SALANTS;BATZ-SUR-MER;Musées et muséums;11652.0;47.27897, -2.47799
2010;MUSÉUM D'HISTOIRE NATURELLE;NANTES;Musées et Muséums;84810.0;47.2126646, -1.5648566
2010;OCÉARIUM DU CROISIC;LE CROISIC;Parcs animaliers;236564.0;47.30072, -2.52454
2010;PLANÉTARIUM;NANTES;Musées et Muséums;24515.0;47.2021694, -1.577289
2010;TOUR SAINT-GUÉNOLÉ;BATZ-SUR-MER;Edifices et patrimoine religieux;;47.27726, -2.4803
2009;CHÂTEAU DE RANROUËT;HERBIGNAC;Châteaux et architecture civile remarquable;11046.0;47.44494, -2.29934
2009;CLOCHER DE SAINT-LYPHARD;SAINT-LYPHARD;Edifices et patrimoine religieux;5423.0;47.3982, -2.3051
2009;ECOMUSEE RURAL DU PAYS NANTAIS : SITE DE LA PÂQUELAIS;VIGNEUX-DE-BRETAGNE;Musées et muséums;4258.0;47.3336602, -1.6964894
2009;MUSÉE DE LA MARINE;SAINT-BREVIN-LES-PINS;Musées et Muséums;2140.0;47.26799, -2.16974
2009;TOUR SAINT-GUÉNOLÉ;BATZ-SUR-MER;Edifices et patrimoine religieux;18844.0;47.27726, -2.4803
2020;LA VALLEE DES KORRIGANS ET TEPACAP !;SAVENAY;Parcs à thème;18713.0;47.2327, -0.3351
2020;MAISON DES PECHEURS DU LAC DE GRAND LIEU;LA CHEVROLIERE;Musées et Muséums;5793.0;47.0976913, -1.6375926
2020;MUSÉE DU GRAND BLOCKHAUS;BATZ-SUR-MER;Sites à caractère militaire et lieux de mémoire;27011.0;47.27055, -2.468
2020;ZOO DE LA BOISSIERE DU DORE;LA BOISSIERE-DU-DORE;Parcs animaliers;114311.0;47.2323529, -1.2199962
2019;CHÂTEAU DE RANROUËT;HERBIGNAC;Châteaux et architecture civile remarquable;19987.0;47.44494, -2.29934
2019;CHÂTEAU DES DUCS DE BRETAGNE - COUR DU CHÂTEAU;NANTES;Châteaux et architecture civile remarquable;1537370.0;47.2161732, -1.5493331
2019;MAISON DU LAC DE GRAND-LIEU;BOUAYE;Musées et Muséums;15623.0;47.1376712, -1.6960219
2019;MAISON DU PATRIMOINE DE PIRIAC-SUR-MER;PIRIAC-SUR-MER;Musées et Muséums;2089.0;47.36616, -2.52812
2019;MUSÉE DE LA MARINE;SAINT-BREVIN-LES-PINS;Musées et Muséums;2901.0;47.26799, -2.16974
2019;MUSÉE DES MARAIS SALANTS;BATZ-SUR-MER;Musées et muséums;21490.0;47.27897, -2.47799
2018;ABBAYE DE MELLERAY;LA MEILLERAYE-DE-BRETAGNE;Edifices et patrimoine religieux;1418.0;47.5331514, -1.3389215
2018;CHÂTEAU DE RANROUËT;HERBIGNAC;Châteaux et architecture civile remarquable;18047.0;47.44494, -2.29934
2018;CHÂTEAU MÉDIÉVAL D’OUDON;OUDON;Châteaux et architecture civile remarquable;14676.0;47.3460115, -1.2899668
2018;LA CARRIERE DES FUSILLES;CHATEAUBRIANT;Sites à caractère militaire et lieux de mémoire;7773.0;47.7235484, -1.3488088
2018;LEGENDIA PARC;FROSSAY;Parcs animaliers;67798.0;47.21987, -1.97323
2018;MAISON DE LA MARIÉE;SAINT-JOACHIM;Musées et Muséums;484.0;47.3752, -2.21456
2018;MAISON DES HOMMES ET DES TECHNIQUES;NANTES;Sites industriels, agricoles, artisanaux et visites techniques;19412.0;47.2058086, -1.5657234
2018;MAISON DU PATRIMOINE DE PIRIAC-SUR-MER;PIRIAC-SUR-MER;Musées et Muséums;2652.0;47.36616, -2.52812
2017;ACROCIME CARQUEFOU;CARQUEFOU;Parcs à thème;;47.2963306, -1.4619546
2017;LEGENDIA PARC;FROSSAY;Parcs animaliers;60005.0;47.21987, -1.97323
2017;MAISON DES PECHEURS DU LAC DE GRAND LIEU;LA CHEVROLIERE;Musées et Muséums;6302.0;47.0976913, -1.6375926
2017;MUSÉE D’ARTS DE NANTES;NANTES;Musées et Muséums;248707.0;47.2192326, -1.547046
2017;MUSÉE DE L'IMPRIMERIE;NANTES;Musées et Muséums;20159.0;47.211013, -1.56184
2017;OCÉARIUM DU CROISIC;LE CROISIC;Parcs animaliers;237497.0;47.30072, -2.52454
2016;CHÂTEAU DE CLISSON GRAND PATRIMOINE DE LOIRE-ATLANTIQUE;CLISSON;Châteaux et architecture civile remarquable;37913.0;47.08691, -1.2817909
2016;LA MAISON DE LA PÊCHE;LA TURBALLE;Musées et muséums;980.0;47.34819, -2.51469
2016;MUSÉE DES MARAIS SALANTS;BATZ-SUR-MER;Musées et muséums;18200.0;47.27897, -2.47799
2016;RÉSERVE NATURELLE RÉGIONALE MARAIS DE BRIÈRE - SITE PIERRE CONSTANT;SAINT-MALO-DE-GUERSAC;Musées et Muséums;6893.0;47.3607104, -2.19828
2016;SITE DE L'ABBATIALE - DEAS;SAINT-PHILBERT-DE-GRAND-LIEU;Edifices et patrimoine religieux;16184.0;47.0386979, -1.6408922
2015;CHATEAU DE CHATEAUBRIANT, GRAND PATRIMOINE DE LOIRE-ATLANTIQUE;CHATEAUBRIANT;Châteaux et architecture civile remarquable;98598.0;47.7184203, -1.3724043
2015;MUSÉE DE L'IMPRIMERIE;NANTES;Musées et Muséums;17621.0;47.211013, -1.56184
2015;MUSÉE DOBRÉE - GRAND PATRIMOINE DE LOIRE-ATLANTIQUE;NANTES;Musées et Muséums;11069.0;47.2125756, -1.5664856
2015;SAINT-NAZAIRE, LE PORT DE TOUS LES VOYAGES;SAINT-NAZAIRE;Sites industriels, agricoles, artisanaux et visites techniques;280101.0;47.2757524, -2.2034629
2015;SÉMAPHORE DE LA POINTE SAINT-GILDAS;PREFAILLES;Musées et Muséums;17250.0;47.13372, -2.24588
2015;VILLAGE DE KERHINET;SAINT-LYPHARD;Musées et Muséums;83894.0;47.36437, -2.34901
2014;CLOCHER DE SAINT-LUMINE-DE-COUTAIS;SAINT-LUMINE-DE-COUTAIS;Edifices et patrimoine religieux;;47.0553827, -1.7261296
2014;MAISON DE LA MARIÉE;SAINT-JOACHIM;Musées et Muséums;1153.0;47.3752, -2.21456
2014;MAISON DES PECHEURS DU LAC DE GRAND LIEU;LA CHEVROLIERE;Musées et Muséums;;47.0976913, -1.6375926
2014;MAISON DU LAC DE GRAND-LIEU;BOUAYE;Musées et Muséums;;47.1376712, -1.6960219
2014;MUSÉE JULES VERNE;NANTES;Musées et Muséums;26022.0;47.2015348, -1.577079
2014;PLANÉTARIUM;NANTES;Musées et Muséums;43214.0;47.2021694, -1.577289
2013;ACROCIME CARQUEFOU;CARQUEFOU;Parcs à thème;;47.2963306, -1.4619546
2013;LES MACHINES DE L'ILE;NANTES;Parcs à thème;521032.0;47.2058839, -1.564654
2013;MUSEE DU PAYS DE RETZ;VILLENEUVE-EN-RETZ;Musées et Muséums;2965.0;47.0422798, -1.9518928
2013;MUSÉUM D'HISTOIRE NATURELLE;NANTES;Musées et Muséums;81555.0;47.2126646, -1.5648566
2013;PLANÉTARIUM;NANTES;Musées et Muséums;34659.0;47.2021694, -1.577289
2013;RÉSERVE NATURELLE RÉGIONALE MARAIS DE BRIÈRE - SITE PIERRE CONSTANT;SAINT-MALO-DE-GUERSAC;Musées et Muséums;2046.0;47.3607104, -2.19828
2013;SAINT-NAZAIRE, LE PORT DE TOUS LES VOYAGES;SAINT-NAZAIRE;Sites industriels, agricoles, artisanaux et visites techniques;221763.0;47.2757524, -2.2034629
2012;LE MOULIN A PAPIER DU LIVEAU;GORGES;Sites industriels, agricoles, artisanaux et visites techniques;4099.0;47.106483, -1.2984857
2012;MUSÉE AÉRONAUTIQUE DE LA PRESQU'ILE CÔTE D'AMOUR (MAPICA);LA BAULE-ESCOUBLAC;Musées et Muséums;6548.0;47.28674, -2.34785
2012;RÉSERVE NATURELLE RÉGIONALE MARAIS DE BRIÈRE - SITE PIERRE CONSTANT;SAINT-MALO-DE-GUERSAC;Musées et Muséums;2499.0;47.3607104, -2.19828
2012;SAINT-NAZAIRE, LE PORT DE TOUS LES VOYAGES;SAINT-NAZAIRE;Sites industriels, agricoles, artisanaux et visites techniques;223180.0;47.2757524, -2.2034629
2012;VILLAGE DE KERHINET;SAINT-LYPHARD;Musées et Muséums;107214.0;47.36437, -2.34901
2011;ABBAYE DE MELLERAY;LA MEILLERAYE-DE-BRETAGNE;Edifices et patrimoine religieux;20827.0;47.5331514, -1.3389215
2011;CHÂTEAU DE RANROUËT;HERBIGNAC;Châteaux et architecture civile remarquable;13721.0;47.44494, -2.29934
2011;CHÂTEAU DES DUCS DE BRETAGNE - MUSÉE D'HISTOIRE DE NANTES;NANTES;Musées et Muséums;161318.0;47.2161732, -1.5493331
2011;CLOCHER DE SAINT-LUMINE-DE-COUTAIS;SAINT-LUMINE-DE-COUTAIS;Edifices et patrimoine religieux;;47.0553827, -1.7261296
2011;DOMAINE DE LA GARENNE LEMOT GRAND PATRIMOINE DE LOIRE-ATLANTIQUE;GETIGNE;Châteaux et architecture civile remarquable;42064.0;47.0860974, -1.2749491
2011;MAISON DE LA MARIÉE;SAINT-JOACHIM;Musées et Muséums;2151.0;47.3752, -2.21456
2011;MAISON DU LAC DE GRAND-LIEU;BOUAYE;Musées et Muséums;;47.1376712, -1.6960219
2011;OCÉARIUM DU CROISIC;LE CROISIC;Parcs animaliers;245181.0;47.30072, -2.52454
2011;PLANETE SAUVAGE;PORT-SAINT-PERE;Parcs animaliers;263037.0;47.11925, -1.76516
2011;VILLAGE DE KERHINET;SAINT-LYPHARD;Musées et Muséums;97656.0;47.36437, -2.34901
2010;ACROCIME CARQUEFOU;CARQUEFOU;Parcs à thème;;47.2963306, -1.4619546
2010;CHÂTEAU DES DUCS DE BRETAGNE - COUR DU CHÂTEAU;NANTES;Châteaux et architecture civile remarquable;1085981.0;47.2161732, -1.5493331
2010;DÉFI NATURE;FROSSAY;Parcs à thème;14774.0;47.23611, -1.95229
2010;LE CHRONOGRAPHE;REZE;Musées et Muséums;;47.1915542, -1.5663021
2010;MAISON DE LA MARIÉE;SAINT-JOACHIM;Musées et Muséums;2269.0;47.3752, -2.21456
2010;MUSÉE JULES VERNE;NANTES;Musées et Muséums;21424.0;47.2015348, -1.577079
2010;PLANETE SAUVAGE;PORT-SAINT-PERE;Parcs animaliers;250631.0;47.11925, -1.76516
2010;SÉMAPHORE DE LA POINTE SAINT-GILDAS;PREFAILLES;Musées et Muséums;12887.0;47.13372, -2.24588
2009;MUSÉE AÉRONAUTIQUE DE LA PRESQU'ILE CÔTE D'AMOUR (MAPICA);LA BAULE-ESCOUBLAC;Musées et Muséums;8205.0;47.28674, -2.34785
2009;MUSÉE DE L'IMPRIMERIE;NANTES;Musées et Muséums;12831.0;47.211013, -1.56184
2009;MUSÉUM D'HISTOIRE NATURELLE;NANTES;Musées et Muséums;74466.0;47.2126646, -1.5648566
2009;PLANÉTARIUM;NANTES;Musées et Muséums;31045.0;47.2021694, -1.577289
2009;RÉSERVE NATURELLE RÉGIONALE MARAIS DE BRIÈRE - SITE PIERRE CONSTANT;SAINT-MALO-DE-GUERSAC;Musées et Muséums;;47.3607104, -2.19828
2009;SITE DE L'ABBATIALE - DEAS;SAINT-PHILBERT-DE-GRAND-LIEU;Edifices et patrimoine religieux;11085.0;47.0386979, -1.6408922
2009;ZOO DE LA BOISSIERE DU DORE;LA BOISSIERE-DU-DORE;Parcs animaliers;109962.0;47.2323529, -1.2199962
